,time_to_failure
0,1.4307972192764282
1,1.3914989233016968
2,1.353196144104004
3,1.3137978315353394
4,1.2743995189666748
5,1.236096739768982
6,1.1967984437942505
7,1.1584956645965576
8,1.119097352027893
9,1.0796990394592285
10,1.0413962602615356
11,1.001997947692871
12,0.9626996517181396
13,0.9243968725204468
14,0.8849985599517822
15,0.8466957807540894
16,0.8072974681854248
17,0.7679991722106934
18,0.7296963930130005
19,0.6902980804443359
20,0.6508997678756714
21,0.6125969886779785
22,0.5732986927032471
23,0.5349959135055542
24,0.49559760093688965
25,0.4561993181705475
26,0.4178965091705322
27,0.37849822640419006
28,0.3391999304294586
29,0.30089712142944336
30,0.2614988386631012
31,0.22319604456424713
32,0.18379774689674377
33,0.14449945092201233
34,0.10619665682315826
35,0.0667983666062355
36,0.028495565056800842
37,11.530097007751465
38,11.490798950195312
39,11.452496528625488
40,11.413098335266113
41,11.373699188232422
42,11.335396766662598
43,11.295998573303223
44,11.257696151733398
45,11.21839714050293
46,11.178998947143555
47,11.14069652557373
48,11.101298332214355
49,11.061999320983887
50,11.023696899414062
51,10.984298706054688
52,10.945996284484863
53,10.906597137451172
54,10.86729907989502
55,10.828996658325195
56,10.78959846496582
57,10.750200271606445
58,10.711896896362305
59,10.67249870300293
60,10.634196281433105
61,10.594897270202637
62,10.555499076843262
63,10.517196655273438
64,10.477798461914062
65,10.439495086669922
66,10.40019702911377
67,10.360798835754395
68,10.32249641418457
69,10.283098220825195
70,10.243799209594727
71,10.205496788024902
72,10.166098594665527
73,10.127795219421387
74,10.088397026062012
75,10.048998832702637
76,10.010696411132812
77,9.97139835357666
78,9.932000160217285
79,9.893696784973145
80,9.85429859161377
81,9.815996170043945
82,9.776697158813477
83,9.737298965454102
84,9.698996543884277
85,9.659598350524902
86,9.62030029296875
87,9.58199691772461
88,9.542598724365234
89,9.50429630279541
90,9.464898109436035
91,9.425498962402344
92,9.38719654083252
93,9.347898483276367
94,9.308500289916992
95,9.270196914672852
96,9.230798721313477
97,9.192496299743652
98,9.1531982421875
99,9.113799095153809
100,9.075496673583984
101,9.03609848022461
102,8.997796058654785
103,8.958497047424316
104,8.919098854064941
105,8.880796432495117
106,8.841398239135742
107,8.802000045776367
108,8.763696670532227
109,8.724398612976074
110,8.68609619140625
111,8.646697044372559
112,8.607298851013184
113,8.56899642944336
114,8.529698371887207
115,8.490300178527832
116,8.451996803283691
117,8.412598609924316
118,8.374296188354492
119,8.334997177124023
120,8.295598983764648
121,8.257296562194824
122,8.21789836883545
123,8.178500175476074
124,8.140196800231934
125,8.100898742675781
126,8.062596321105957
127,8.023198127746582
128,7.983799457550049
129,7.945496559143066
130,7.906198501586914
131,7.867895603179932
132,7.828497409820557
133,7.789098739624023
134,7.750796318054199
135,7.711497783660889
136,7.672099590301514
137,7.633796691894531
138,7.594398498535156
139,7.556095600128174
140,7.516697406768799
141,7.477398872375488
142,7.439096450805664
143,7.399697780609131
144,7.360299587249756
145,7.321996688842773
146,7.282698631286621
147,7.244395732879639
148,7.204997539520264
149,7.165599346160889
150,7.127296447753906
151,7.087998390197754
152,7.048599720001221
153,7.0102972984313965
154,6.970898628234863
155,6.932596206665039
156,6.893197536468506
157,6.8538994789123535
158,6.815596580505371
159,6.776198387145996
160,6.737895488739014
161,6.698497295379639
162,6.659198760986328
163,6.620896339416504
164,6.581497669219971
165,6.542099475860596
166,6.503796577453613
167,6.464498519897461
168,6.426095485687256
169,6.3867974281311035
170,6.3473992347717285
171,6.309096336364746
172,6.269698143005371
173,6.2303996086120605
174,6.192096710205078
175,6.152698516845703
176,6.114395618438721
177,6.074997425079346
178,6.035699367523193
179,5.997396469116211
180,5.957998275756836
181,5.918599605560303
182,5.8802971839904785
183,5.840998649597168
184,5.802596092224121
185,5.7632975578308105
186,5.7238993644714355
187,5.685596466064453
188,5.646198272705078
189,5.606899738311768
190,5.568597316741943
191,5.52919864654541
192,5.490896224975586
193,5.451497554779053
194,5.4121994972229
195,5.373896598815918
196,5.334498405456543
197,5.2961955070495605
198,5.2567973136901855
199,5.217498779296875
200,5.179096221923828
201,5.139797687530518
202,5.100399494171143
203,5.06209659576416
204,5.022698402404785
205,4.984395503997803
206,4.94509744644165
207,4.905699253082275
208,4.867396354675293
209,4.827998161315918
210,4.788699626922607
211,4.750396728515625
212,4.71099853515625
213,4.672695636749268
214,4.633297443389893
215,4.59399938583374
216,4.555596351623535
217,4.516298294067383
218,4.476900100708008
219,4.438597202301025
220,4.39919900894165
221,4.360896110534668
222,4.321597576141357
223,4.282199382781982
224,4.243896484375
225,4.204498291015625
226,4.166195392608643
227,4.12689733505249
228,4.087499141693115
229,4.049196243286133
230,4.009798049926758
231,3.9704995155334473
232,3.9320967197418213
233,3.89279842376709
234,3.8544957637786865
235,3.8150973320007324
236,3.7756991386413574
237,3.737396240234375
238,3.6980979442596436
239,3.6586997509002686
240,3.620396852493286
241,3.580998659133911
242,3.5426957607269287
243,3.5033974647521973
244,3.4639992713928223
245,3.42569637298584
246,3.386298179626465
247,3.3469998836517334
248,3.3085970878601074
249,3.269298791885376
250,3.2309958934783936
251,3.1915977001190186
252,3.1521992683410645
253,3.113896608352661
254,3.0745983123779297
255,3.0351998805999756
256,2.9968972206115723
257,2.957498788833618
258,2.919196128845215
259,2.8798978328704834
260,2.8404994010925293
261,2.802196741104126
262,2.762798309326172
263,2.7244956493377686
264,2.6850972175598145
265,2.645798921585083
266,2.6074962615966797
267,2.5680978298187256
268,2.5286996364593506
269,2.490396738052368
270,2.4510984420776367
271,2.4127957820892334
272,2.3733973503112793
273,2.3339991569519043
274,2.295696258544922
275,2.2563979625701904
276,2.2169997692108154
277,2.178696870803833
278,2.139298677444458
279,2.1009957790374756
280,2.0615975856781006
281,2.022299289703369
282,1.9839965105056763
283,1.9445981979370117
284,1.9051998853683472
285,1.8668971061706543
286,1.8275988101959229
287,1.78929603099823
288,1.7498977184295654
289,1.7104994058609009
290,1.672196626663208
291,1.6328983306884766
292,1.5945955514907837
293,1.5551972389221191
294,1.5157989263534546
295,1.4774961471557617
296,1.4380978345870972
297,1.3987995386123657
298,1.3604967594146729
299,1.3210984468460083
300,1.2827956676483154
301,1.2433973550796509
302,1.2040990591049194
303,1.1657962799072266
304,1.126397967338562
305,1.086999773979187
306,1.0486968755722046
307,1.0093986988067627
308,0.971095860004425
309,0.9316975474357605
310,0.892299234867096
311,0.8539964556694031
312,0.8145981431007385
313,0.7752998471260071
314,0.7369970679283142
315,0.6975987553596497
316,0.6592959761619568
317,0.6198976635932922
318,0.5805993676185608
319,0.5422965884208679
320,0.5028982758522034
321,0.4645954966545105
322,0.42519721388816833
323,0.3858989179134369
324,0.34759610891342163
325,0.30819782614707947
326,0.2687995433807373
327,0.23049673438072205
328,0.19109845161437988
329,0.15279564261436462
330,0.11349735409021378
331,0.07409906387329102
332,0.035796262323856354
333,14.177397727966309
334,14.138099670410156
335,14.099797248840332
336,14.060399055480957
337,14.022095680236816
338,13.982697486877441
339,13.943399429321289
340,13.905096054077148
341,13.865697860717773
342,13.826299667358398
343,13.787997245788574
344,13.7485990524292
345,13.710295677185059
346,13.670997619628906
347,13.631599426269531
348,13.593297004699707
349,13.553897857666016
350,13.514599800109863
351,13.476297378540039
352,13.436899185180664
353,13.398595809936523
354,13.359197616577148
355,13.319899559020996
356,13.281597137451172
357,13.24219799041748
358,13.203895568847656
359,13.164497375488281
360,13.125099182128906
361,13.086795806884766
362,13.047497749328613
363,13.008099555969238
364,12.969797134399414
365,12.930398941040039
366,12.892095565795898
367,12.852797508239746
368,12.813399314880371
369,12.77509593963623
370,12.735697746276855
371,12.696399688720703
372,12.658097267150879
373,12.618699073791504
374,12.580395698547363
375,12.540997505187988
376,12.501599311828613
377,12.463296890258789
378,12.42399787902832
379,12.384599685668945
380,12.346297264099121
381,12.306899070739746
382,12.268595695495605
383,12.229297637939453
384,12.189899444580078
385,12.151597023010254
386,12.112197875976562
387,12.073895454406738
388,12.034597396850586
389,11.995199203491211
390,11.95689582824707
391,11.917497634887695
392,11.87809944152832
393,11.839797019958496
394,11.800498008728027
395,11.762195587158203
396,11.722797393798828
397,11.683399200439453
398,11.645095825195312
399,11.60579776763916
400,11.566399574279785
401,11.528097152709961
402,11.488698959350586
403,11.450395584106445
404,11.411097526550293
405,11.371699333190918
406,11.333396911621094
407,11.293997764587402
408,11.254599571228027
409,11.216297149658203
410,11.17699909210205
411,11.13869571685791
412,11.099297523498535
413,11.05989933013916
414,11.021596908569336
415,10.982297897338867
416,10.943995475769043
417,10.904597282409668
418,10.865199089050293
419,10.826895713806152
420,10.78759765625
421,10.748199462890625
422,10.7098970413208
423,10.670498847961426
424,10.632195472717285
425,10.59279727935791
426,10.553499221801758
427,10.515195846557617
428,10.475797653198242
429,10.436399459838867
430,10.398097038269043
431,10.35879898071289
432,10.32049560546875
433,10.281097412109375
434,10.24169921875
435,10.203396797180176
436,10.164097785949707
437,10.124699592590332
438,10.086397171020508
439,10.046998977661133
440,10.008695602416992
441,9.969297409057617
442,9.929999351501465
443,9.89169692993164
444,9.85229778289795
445,9.812899589538574
446,9.77459716796875
447,9.735299110412598
448,9.696995735168457
449,9.657597541809082
450,9.618199348449707
451,9.579896926879883
452,9.540597915649414
453,9.502195358276367
454,9.462897300720215
455,9.42349910736084
456,9.3851957321167
457,9.345797538757324
458,9.306499481201172
459,9.268197059631348
460,9.228798866271973
461,9.190495491027832
462,9.151097297668457
463,9.111799240112305
464,9.073495864868164
465,9.034097671508789
466,8.994699478149414
467,8.95639705657959
468,8.917098999023438
469,8.878695487976074
470,8.839397430419922
471,8.799999237060547
472,8.761696815490723
473,8.722298622131348
474,8.682999610900879
475,8.644697189331055
476,8.60529899597168
477,8.566995620727539
478,8.527597427368164
479,8.488299369812012
480,8.449996948242188
481,8.410598754882812
482,8.372295379638672
483,8.332897186279297
484,8.293599128723145
485,8.255196571350098
486,8.215897560119629
487,8.176499366760254
488,8.13819694519043
489,8.098798751831055
490,8.060495376586914
491,8.021197319030762
492,7.981799125671387
493,7.943496227264404
494,7.904098033905029
495,7.864799499511719
496,7.8264970779418945
497,7.787098407745361
498,7.748795986175537
499,7.709397315979004
500,7.669999122619629
501,7.6316962242126465
502,7.592398166656494
503,7.552999973297119
504,7.514697074890137
505,7.475298881530762
506,7.436995983123779
507,7.397697448730469
508,7.358299255371094
509,7.319996356964111
510,7.280598163604736
511,7.241300106048584
512,7.202997207641602
513,7.163599014282227
514,7.125296115875244
515,7.085897922515869
516,7.046499729156494
517,7.008196830749512
518,6.968898296356201
519,6.930595397949219
520,6.891197204589844
521,6.851799011230469
522,6.813496112823486
523,6.774198055267334
524,6.734799861907959
525,6.696496963500977
526,6.657098770141602
527,6.618795871734619
528,6.579497337341309
529,6.540099143981934
530,6.501796245574951
531,6.462398052215576
532,6.422999858856201
533,6.384696960449219
534,6.345398902893066
535,6.307096004486084
536,6.267697811126709
537,6.228299140930176
538,6.189996719360352
539,6.150698184967041
540,6.111299991607666
541,6.072997093200684
542,6.033598899841309
543,5.995296001434326
544,5.955997943878174
545,5.916599273681641
546,5.878296852111816
547,5.838898181915283
548,5.800595760345459
549,5.761197090148926
550,5.721899032592773
551,5.683596134185791
552,5.644197940826416
553,5.604799747467041
554,5.566496849060059
555,5.527198314666748
556,5.488895893096924
557,5.449497222900391
558,5.410099029541016
559,5.371796131134033
560,5.332498073577881
561,5.293099880218506
562,5.254796981811523
563,5.215398788452148
564,5.177095890045166
565,5.137697696685791
566,5.0983991622924805
567,5.060096263885498
568,5.020698070526123
569,4.981299877166748
570,4.942996978759766
571,4.903698921203613
572,4.865396022796631
573,4.825997829437256
574,4.786599159240723
575,4.748296737670898
576,4.708998203277588
577,4.6706953048706055
578,4.6312971115112305
579,4.5918989181518555
580,4.553596019744873
581,4.514197826385498
582,4.474899768829346
583,4.436596870422363
584,4.397198677062988
585,4.358895778656006
586,4.319497585296631
587,4.28019905090332
588,4.241896152496338
589,4.202497959136963
590,4.163099765777588
591,4.1247968673706055
592,4.085498809814453
593,4.047195911407471
594,4.007797718048096
595,3.9683992862701416
596,3.930096387863159
597,3.890698194503784
598,3.8513998985290527
599,3.8130970001220703
600,3.7736988067626953
601,3.735395908355713
602,3.695997714996338
603,3.6566994190216064
604,3.618396520614624
605,3.578998327255249
606,3.539599895477295
607,3.5012972354888916
608,3.46199893951416
609,3.4236960411071777
610,3.3842978477478027
611,3.3448994159698486
612,3.3065967559814453
613,3.267198324203491
614,3.228895664215088
615,3.1895973682403564
616,3.1501989364624023
617,3.111896276473999
618,3.072497844696045
619,3.0331995487213135
620,2.99489688873291
621,2.955498456954956
622,2.9171957969665527
623,2.8777973651885986
624,2.838499069213867
625,2.800196409225464
626,2.7607979774475098
627,2.7213997840881348
628,2.6830968856811523
629,2.6436986923217773
630,2.605395793914795
631,2.5660974979400635
632,2.5266993045806885
633,2.488396406173706
634,2.448998212814331
635,2.4096999168395996
636,2.371397018432617
637,2.331998825073242
638,2.2936959266662598
639,2.2542977333068848
640,2.2149994373321533
641,2.176696538925171
642,2.137298345565796
643,2.0989954471588135
644,2.0595972537994385
645,2.0201990604400635
646,1.981896162033081
647,1.9425978660583496
648,1.903199553489685
649,1.8648967742919922
650,1.8254984617233276
651,1.7871956825256348
652,1.7478973865509033
653,1.7084990739822388
654,1.670196294784546
655,1.6307979822158813
656,1.59149968624115
657,1.553196907043457
658,1.5137985944747925
659,1.4754958152770996
660,1.436097502708435
661,1.3966991901397705
662,1.3583964109420776
663,1.3190981149673462
664,1.2796998023986816
665,1.2413970232009888
666,1.2019987106323242
667,1.1636959314346313
668,1.1243976354599
669,1.0849993228912354
670,1.0466965436935425
671,1.007298231124878
672,0.9679999947547913
673,0.9296972155570984
674,0.8902989029884338
675,0.851996123790741
676,0.8125978112220764
677,0.7731994986534119
678,0.734896719455719
679,0.6955984234809875
680,0.6572956442832947
681,0.6178973317146301
682,0.5784990191459656
683,0.5401962399482727
684,0.5008979439735413
685,0.4614996612071991
686,0.42319685220718384
687,0.3837985694408417
688,0.3454957604408264
689,0.30619746446609497
690,0.2667991816997528
691,0.22849637269973755
692,0.18909808993339539
693,0.14969979226589203
694,0.11139699071645737
695,0.07209870219230652
696,0.033795904368162155
697,8.851397514343262
698,8.811999320983887
699,8.773696899414062
700,8.734397888183594
701,8.694999694824219
702,8.656697273254395
703,8.61729907989502
704,8.578995704650879
705,8.539597511291504
706,8.500299453735352
707,8.461997032165527
708,8.422598838806152
709,8.384295463562012
710,8.344897270202637
711,8.305599212646484
712,8.267295837402344
713,8.227897644042969
714,8.188499450683594
715,8.15019702911377
716,8.110898971557617
717,8.072595596313477
718,8.033197402954102
719,7.993799209594727
720,7.955496311187744
721,7.916098117828369
722,7.876799583435059
723,7.838497161865234
724,7.799098491668701
725,7.760796070098877
726,7.721397399902344
727,7.682099342346191
728,7.643796443939209
729,7.604398250579834
730,7.565000057220459
731,7.526697158813477
732,7.487398624420166
733,7.449096202850342
734,7.409697532653809
735,7.370299339294434
736,7.331996440887451
737,7.292598247528076
738,7.254295349121094
739,7.214997291564941
740,7.175599098205566
741,7.137296199798584
742,7.097898006439209
743,7.058599472045898
744,7.020296573638916
745,6.980898380279541
746,6.942595481872559
747,6.903197288513184
748,6.863899230957031
749,6.825596332550049
750,6.786198139190674
751,6.746799468994141
752,6.708497047424316
753,6.669098377227783
754,6.630795955657959
755,6.591497421264648
756,6.552099227905273
757,6.513796329498291
758,6.474398136138916
759,6.4350996017456055
760,6.396797180175781
761,6.357398509979248
762,6.319096088409424
763,6.279697418212891
764,6.240399360656738
765,6.202096462249756
766,6.162698268890381
767,6.123300075531006
768,6.084997177124023
769,6.045598983764648
770,6.007296085357666
771,5.9679975509643555
772,5.9285993576049805
773,5.890296459197998
774,5.850898265838623
775,5.812595367431641
776,5.773297309875488
777,5.733899116516113
778,5.695596218109131
779,5.656198024749756
780,5.616899490356445
781,5.578597068786621
782,5.539198398590088
783,5.500895977020264
784,5.4614973068237305
785,5.4220991134643555
786,5.383796215057373
787,5.344498157501221
788,5.305099964141846
789,5.266797065734863
790,5.227398872375488
791,5.189095973968506
792,5.149797439575195
793,5.11039924621582
794,5.072096347808838
795,5.032698154449463
796,4.9934000968933105
797,4.955097198486328
798,4.915699005126953
799,4.877396106719971
800,4.837997913360596
801,4.7985992431640625
802,4.760296821594238
803,4.720998287200928
804,4.682695388793945
805,4.64329719543457
806,4.603899002075195
807,4.565596103668213
808,4.5262980461120605
809,4.486899375915527
810,4.448596954345703
811,4.40919828414917
812,4.370895862579346
813,4.331597328186035
814,4.29219913482666
815,4.253896236419678
816,4.214498043060303
817,4.175099849700928
818,4.136796951293945
819,4.097498416900635
820,4.0591959953308105
821,4.019797325134277
822,3.9803991317749023
823,3.942096471786499
824,3.9027981758117676
825,3.8633997440338135
826,3.82509708404541
827,3.785698652267456
828,3.7473959922790527
829,3.7080976963043213
830,3.6686995029449463
831,3.630396604537964
832,3.590998411178589
833,3.5526955127716064
834,3.5132973194122314
835,3.4739990234375
836,3.4356961250305176
837,3.3962979316711426
838,3.3568994998931885
839,3.318596839904785
840,3.2792985439300537
841,3.2409956455230713
842,3.2015974521636963
843,3.162199020385742
844,3.123896360397339
845,3.0845980644226074
846,3.0451996326446533
847,3.00689697265625
848,2.967498540878296
849,2.9291958808898926
850,2.8897974491119385
851,2.850499153137207
852,2.8121964931488037
853,2.7727980613708496
854,2.7333998680114746
855,2.695096969604492
856,2.6557986736297607
857,2.6174960136413574
858,2.5780975818634033
859,2.5386993885040283
860,2.500396490097046
861,2.4610981941223145
862,2.4217000007629395
863,2.383397102355957
864,2.343998908996582
865,2.3056960105895996
866,2.2662978172302246
867,2.226999521255493
868,2.1886966228485107
869,2.1492984294891357
870,2.1109955310821533
871,2.0715973377227783
872,2.032299041748047
873,1.9939961433410645
874,1.9545979499816895
875,1.915199637413025
876,1.876896858215332
877,1.8375985622406006
878,1.7992956638336182
879,1.7598974704742432
880,1.7204991579055786
881,1.6821963787078857
882,1.6427980661392212
883,1.6034997701644897
884,1.5651969909667969
885,1.5257986783981323
886,1.4874958992004395
887,1.448097586631775
888,1.4087992906570435
889,1.3704965114593506
890,1.331098198890686
891,1.2916998863220215
892,1.2533971071243286
893,1.2140988111495972
894,1.1756960153579712
895,1.1363977193832397
896,1.0969994068145752
897,1.0586966276168823
898,1.0192983150482178
899,0.9809955358505249
900,0.9416972398757935
901,0.9022989273071289
902,0.863996148109436
903,0.8245978355407715
904,0.78529953956604
905,0.7469967603683472
906,0.7075984477996826
907,0.6692956686019897
908,0.6298973560333252
909,0.5905990600585938
910,0.5521962642669678
911,0.5128979682922363
912,0.47349968552589417
913,0.4351969063282013
914,0.39579859375953674
915,0.35749581456184387
916,0.3181975185871124
917,0.27879923582077026
918,0.240496426820755
919,0.20109812915325165
920,0.1617998331785202
921,0.12349703907966614
922,0.08409874886274338
923,0.045795951038599014
924,0.006397657096385956
925,12.661099433898926
926,12.622696876525879
927,12.58339786529541
928,12.543999671936035
929,12.505697250366211
930,12.466299057006836
931,12.427995681762695
932,12.388697624206543
933,12.349299430847168
934,12.310997009277344
935,12.271598815917969
936,12.233295440673828
937,12.193997383117676
938,12.1545991897583
939,12.11629581451416
940,12.076897621154785
941,12.037599563598633
942,11.999197006225586
943,11.959898948669434
944,11.921595573425293
945,11.882197380065918
946,11.842799186706543
947,11.804496765136719
948,11.76519775390625
949,11.725799560546875
950,11.68749713897705
951,11.648098945617676
952,11.609795570373535
953,11.570497512817383
954,11.531099319458008
955,11.492796897888184
956,11.453397750854492
957,11.41409969329834
958,11.375697135925293
959,11.33639907836914
960,11.298095703125
961,11.258697509765625
962,11.21929931640625
963,11.180996894836426
964,11.141698837280273
965,11.103395462036133
966,11.063997268676758
967,11.024599075317383
968,10.986296653747559
969,10.94699764251709
970,10.907599449157715
971,10.86929702758789
972,10.829898834228516
973,10.791595458984375
974,10.752197265625
975,10.712899208068848
976,10.674596786499023
977,10.635197639465332
978,10.595799446105957
979,10.557497024536133
980,10.51819896697998
981,10.47989559173584
982,10.440497398376465
983,10.40109920501709
984,10.362796783447266
985,10.323497772216797
986,10.284099578857422
987,10.245797157287598
988,10.206398963928223
989,10.168095588684082
990,10.128697395324707
991,10.089399337768555
992,10.05109691619873
993,10.011698722839355
994,9.973395347595215
995,9.93399715423584
996,9.894699096679688
997,9.856395721435547
998,9.816997528076172
999,9.777599334716797
1000,9.739296913146973
1001,9.69999885559082
1002,9.66169548034668
1003,9.622297286987305
1004,9.58289909362793
1005,9.544596672058105
1006,9.505197525024414
1007,9.465899467468262
1008,9.427597045898438
1009,9.388198852539062
1010,9.349895477294922
1011,9.310497283935547
1012,9.271199226379395
1013,9.23289680480957
1014,9.193497657775879
1015,9.154099464416504
1016,9.11579704284668
1017,9.076498985290527
1018,9.038195610046387
1019,8.998797416687012
1020,8.959399223327637
1021,8.921096801757812
1022,8.881698608398438
1023,8.842399597167969
1024,8.804097175598145
1025,8.76469898223877
1026,8.726395606994629
1027,8.686997413635254
1028,8.647699356079102
1029,8.609396934509277
1030,8.569998741149902
1031,8.531695365905762
1032,8.492297172546387
1033,8.452999114990234
1034,8.414695739746094
1035,8.375297546386719
1036,8.335899353027344
1037,8.29759693145752
1038,8.258198738098145
1039,8.219895362854004
1040,8.180597305297852
1041,8.141199111938477
1042,8.102896690368652
1043,8.063498497009277
1044,8.024199485778809
1045,7.985897064208984
1046,7.946498870849609
1047,7.908195972442627
1048,7.868797779083252
1049,7.829499244689941
1050,7.791196346282959
1051,7.751798152923584
1052,7.712399959564209
1053,7.674097061157227
1054,7.634698867797852
1055,7.596395969390869
1056,7.557097911834717
1057,7.517699241638184
1058,7.479396820068359
1059,7.439998149871826
1060,7.401695728302002
1061,7.362397193908691
1062,7.322999000549316
1063,7.284696102142334
1064,7.245297908782959
1065,7.205999374389648
1066,7.167696952819824
1067,7.128298282623291
1068,7.089995861053467
1069,7.050597190856934
1070,7.011198997497559
1071,6.972896099090576
1072,6.933598041534424
1073,6.894199848175049
1074,6.855896949768066
1075,6.816498756408691
1076,6.778195858001709
1077,6.738897323608398
1078,6.699499130249023
1079,6.661196231842041
1080,6.621798038482666
1081,6.582499980926514
1082,6.544197082519531
1083,6.504798889160156
1084,6.466495990753174
1085,6.427097797393799
1086,6.387699604034424
1087,6.349396705627441
1088,6.310098171234131
1089,6.271795272827148
1090,6.232397079467773
1091,6.192998886108398
1092,6.154695987701416
1093,6.115397930145264
1094,6.075999736785889
1095,6.037696838378906
1096,5.998298645019531
1097,5.959995746612549
1098,5.920697212219238
1099,5.881299018859863
1100,5.842996120452881
1101,5.803597927093506
1102,5.764199733734131
1103,5.725896835327148
1104,5.686598777770996
1105,5.648295879364014
1106,5.608897686004639
1107,5.5694990158081055
1108,5.531196594238281
1109,5.491898059844971
1110,5.452499866485596
1111,5.414196968078613
1112,5.374798774719238
1113,5.336495876312256
1114,5.2971978187561035
1115,5.25779914855957
1116,5.219496726989746
1117,5.180098056793213
1118,5.140699863433838
1119,5.1023969650268555
1120,5.063098907470703
1121,5.024796009063721
1122,4.985397815704346
1123,4.945999622344971
1124,4.907696723937988
1125,4.868398189544678
1126,4.8300957679748535
1127,4.79069709777832
1128,4.751298904418945
1129,4.712996006011963
1130,4.6736979484558105
1131,4.6342997550964355
1132,4.595996856689453
1133,4.556598663330078
1134,4.518295764923096
1135,4.478897571563721
1136,4.43959903717041
1137,4.401296138763428
1138,4.361897945404053
1139,4.322499752044678
1140,4.284196853637695
1141,4.244898796081543
1142,4.2065958976745605
1143,4.1671977043151855
1144,4.127799034118652
1145,4.089496612548828
1146,4.050198078155518
1147,4.010799884796143
1148,3.97249698638916
1149,3.933098793029785
1150,3.8947958946228027
1151,3.8553977012634277
1152,3.8160994052886963
1153,3.777796506881714
1154,3.738398313522339
1155,3.7000954151153564
1156,3.6606972217559814
1157,3.62139892578125
1158,3.5830960273742676
1159,3.5436978340148926
1160,3.5042996406555176
1161,3.465996742248535
1162,3.4266984462738037
1163,3.3882956504821777
1164,3.3489973545074463
1165,3.3095991611480713
1166,3.271296262741089
1167,3.231898069381714
1168,3.1925997734069824
1169,3.154296875
1170,3.114898681640625
1171,3.0765957832336426
1172,3.0371975898742676
1173,2.997899293899536
1174,2.9595963954925537
1175,2.9201982021331787
1176,2.8807997703552246
1177,2.8424971103668213
1178,2.80319881439209
1179,2.764796018600464
1180,2.7254977226257324
1181,2.6860992908477783
1182,2.647796630859375
1183,2.608398199081421
1184,2.5690999031066895
1185,2.530797243118286
1186,2.491398811340332
1187,2.4530961513519287
1188,2.4136977195739746
1189,2.374399423599243
1190,2.33609676361084
1191,2.2966983318328857
1192,2.2583956718444824
1193,2.2189972400665283
1194,2.179698944091797
1195,2.141296148300171
1196,2.1019978523254395
1197,2.0625996589660645
1198,2.024296760559082
1199,1.984898567199707
1200,1.9465957880020142
1201,1.9072974920272827
1202,1.8678991794586182
1203,1.8295964002609253
1204,1.7901980876922607
1205,1.7508997917175293
1206,1.7125970125198364
1207,1.6731986999511719
1208,1.634895920753479
1209,1.5954976081848145
1210,1.556199312210083
1211,1.517796516418457
1212,1.4784982204437256
1213,1.439099907875061
1214,1.4007971286773682
1215,1.3613988161087036
1216,1.3230960369110107
1217,1.2837977409362793
1218,1.2443994283676147
1219,1.2060966491699219
1220,1.1666983366012573
1221,1.1283955574035645
1222,1.089097261428833
1223,1.0496989488601685
1224,1.0113961696624756
1225,0.971997857093811
1226,0.9326995611190796
1227,0.8942967653274536
1228,0.8549984693527222
1229,0.8166956901550293
1230,0.7772973775863647
1231,0.737899124622345
1232,0.6995962858200073
1233,0.6602979898452759
1234,0.6208997368812561
1235,0.5825969576835632
1236,0.5431986451148987
1237,0.5048958659172058
1238,0.465597540140152
1239,0.4261992573738098
1240,0.38789644837379456
1241,0.3484981656074524
1242,0.30919986963272095
1243,0.27079707384109497
1244,0.23149877786636353
1245,0.19319598376750946
1246,0.1537976861000061
1247,0.11439939588308334
1248,0.07609659433364868
1249,0.036798302084207535
1250,8.054495811462402
1251,8.015097618103027
1252,7.975698947906494
1253,7.937396049499512
1254,7.898097991943359
1255,7.858699321746826
1256,7.820396900177002
1257,7.780998229980469
1258,7.7426958084106445
1259,7.703297138214111
1260,7.663999080657959
1261,7.625696182250977
1262,7.586297988891602
1263,7.546899795532227
1264,7.508596897125244
1265,7.469298362731934
1266,7.430995941162109
1267,7.391597270965576
1268,7.352199077606201
1269,7.313896179199219
1270,7.274598121643066
1271,7.235199928283691
1272,7.196897029876709
1273,7.157498836517334
1274,7.119195938110352
1275,7.079797744750977
1276,7.040499210357666
1277,7.002196311950684
1278,6.962798118591309
1279,6.923399925231934
1280,6.885097026824951
1281,6.845798969268799
1282,6.807496070861816
1283,6.768097877502441
1284,6.728699684143066
1285,6.690396785736084
1286,6.651098251342773
1287,6.612795352935791
1288,6.573397159576416
1289,6.533998966217041
1290,6.495696067810059
1291,6.456297874450684
1292,6.416999816894531
1293,6.378696918487549
1294,6.339298725128174
1295,6.300995826721191
1296,6.261597633361816
1297,6.222299098968506
1298,6.183996200561523
1299,6.144598007202148
1300,6.105199813842773
1301,6.066896915435791
1302,6.027598857879639
1303,5.989295959472656
1304,5.949897766113281
1305,5.910499095916748
1306,5.872196674346924
1307,5.832798004150391
1308,5.793499946594238
1309,5.755197048187256
1310,5.715798854827881
1311,5.677495956420898
1312,5.638097763061523
1313,5.598799228668213
1314,5.560496807098389
1315,5.5210981369018555
1316,5.482795715332031
1317,5.443397045135498
1318,5.404098987579346
1319,5.365796089172363
1320,5.326397895812988
1321,5.286999702453613
1322,5.248696804046631
1323,5.209298610687256
1324,5.170995712280273
1325,5.131697177886963
1326,5.092298984527588
1327,5.0539960861206055
1328,5.0145978927612305
1329,4.975299835205078
1330,4.936996936798096
1331,4.897598743438721
1332,4.859295845031738
1333,4.819897651672363
1334,4.780599117279053
1335,4.74229621887207
1336,4.702898025512695
1337,4.66349983215332
1338,4.625196933746338
1339,4.585798740386963
1340,4.5474958419799805
1341,4.508197784423828
1342,4.468799591064453
1343,4.430496692657471
1344,4.391098499298096
1345,4.351799964904785
1346,4.313497066497803
1347,4.274098873138428
1348,4.235795974731445
1349,4.19639778137207
1350,4.157099723815918
1351,4.1187968254089355
1352,4.0793986320495605
1353,4.041095733642578
1354,4.001697540283203
1355,3.962299108505249
1356,3.9239962100982666
1357,3.884697914123535
1358,3.84529972076416
1359,3.8069968223571777
1360,3.7675986289978027
1361,3.7292957305908203
1362,3.689997434616089
1363,3.650599241256714
1364,3.6122963428497314
1365,3.5728981494903564
1366,3.533599853515625
1367,3.4952969551086426
1368,3.4558987617492676
1369,3.417595863342285
1370,3.37819766998291
1371,3.338799238204956
1372,3.3004965782165527
1373,3.2611982822418213
1374,3.221799850463867
1375,3.183497190475464
1376,3.1440987586975098
1377,3.1057960987091064
1378,3.066497802734375
1379,3.027099370956421
1380,2.9887967109680176
1381,2.9493982791900635
1382,2.91109561920166
1383,2.8717973232269287
1384,2.8323988914489746
1385,2.7940962314605713
1386,2.754697799682617
1387,2.715299606323242
1388,2.6769967079162598
1389,2.6376984119415283
1390,2.599395751953125
1391,2.559997320175171
1392,2.520599126815796
1393,2.4822962284088135
1394,2.442997932434082
1395,2.403599739074707
1396,2.3652968406677246
1397,2.3258986473083496
1398,2.287595748901367
1399,2.2482974529266357
1400,2.2088992595672607
1401,2.1705963611602783
1402,2.1311981678009033
1403,2.0917999744415283
1404,2.053497076034546
1405,2.0141987800598145
1406,1.9758960008621216
1407,1.936497688293457
1408,1.8970993757247925
1409,1.8587965965270996
1410,1.8194983005523682
1411,1.7811955213546753
1412,1.7417972087860107
1413,1.7023988962173462
1414,1.6640961170196533
1415,1.6247978210449219
1416,1.5853995084762573
1417,1.5470967292785645
1418,1.5076984167099
1419,1.469395637512207
1420,1.4299973249435425
1421,1.390699028968811
1422,1.3523962497711182
1423,1.3129979372024536
1424,1.2735997438430786
1425,1.2352968454360962
1426,1.1959985494613647
1427,1.1576957702636719
1428,1.1182974576950073
1429,1.0788992643356323
1430,1.04059636592865
1431,1.0012980699539185
1432,0.9618998169898987
1433,0.9235970377922058
1434,0.8841987252235413
1435,0.8458959460258484
1436,0.8064976334571838
1437,0.7671993374824524
1438,0.7288965582847595
1439,0.689498245716095
1440,0.6500999927520752
1441,0.6117971539497375
1442,0.5724988579750061
1443,0.5341960787773132
1444,0.49479779601097107
1445,0.4553994834423065
1446,0.41709670424461365
1447,0.3777984082698822
1448,0.3393956124782562
1449,0.3000973165035248
1450,0.26069900393486023
1451,0.22239622473716736
1452,0.182997927069664
1453,0.14369963109493256
1454,0.10539683699607849
1455,0.06599853932857513
1456,0.02769574336707592
1457,7.047297477722168
1458,7.007998943328857
1459,6.969696521759033
1460,6.9302978515625
1461,6.890899658203125
1462,6.852596759796143
1463,6.81329870223999
1464,6.774895668029785
1465,6.735597610473633
1466,6.696199417114258
1467,6.657896518707275
1468,6.6184983253479
1469,6.57919979095459
1470,6.540896892547607
1471,6.501498699188232
1472,6.46319580078125
1473,6.423797607421875
1474,6.384499549865723
1475,6.34619665145874
1476,6.306798458099365
1477,6.268495559692383
1478,6.229097366333008
1479,6.189798831939697
1480,6.15139627456665
1481,6.11209774017334
1482,6.072699546813965
1483,6.034396648406982
1484,5.994998455047607
1485,5.956695556640625
1486,5.917397499084473
1487,5.877999305725098
1488,5.839696407318115
1489,5.80029821395874
1490,5.76099967956543
1491,5.722696781158447
1492,5.683298587799072
1493,5.64499568939209
1494,5.605597496032715
1495,5.5662994384765625
1496,5.527896404266357
1497,5.488598346710205
1498,5.449199676513672
1499,5.410897254943848
1500,5.3714985847473145
1501,5.33319616317749
1502,5.29389762878418
1503,5.254499435424805
1504,5.216196537017822
1505,5.176798343658447
1506,5.138495445251465
1507,5.0991973876953125
1508,5.059798717498779
1509,5.021496295928955
1510,4.982097625732422
1511,4.942699432373047
1512,4.9043965339660645
1513,4.865098476409912
1514,4.82679557800293
1515,4.787397384643555
1516,4.74799919128418
1517,4.709696292877197
1518,4.670397758483887
1519,4.630999565124512
1520,4.592696666717529
1521,4.553298473358154
1522,4.514995574951172
1523,4.4756975173950195
1524,4.4362993240356445
1525,4.397996425628662
1526,4.358598232269287
1527,4.319200038909912
1528,4.28089714050293
1529,4.241598606109619
1530,4.203295707702637
1531,4.163897514343262
1532,4.124499320983887
1533,4.086196422576904
1534,4.046898365020752
1535,4.007500171661377
1536,3.9691970348358154
1537,3.9297988414764404
1538,3.891495943069458
1539,3.8521976470947266
1540,3.8127994537353516
1541,3.7744967937469482
1542,3.735098361968994
1543,3.696795701980591
1544,3.6573972702026367
1545,3.6180989742279053
1546,3.579796314239502
1547,3.540397882461548
1548,3.500999689102173
1549,3.4626967906951904
1550,3.423398494720459
1551,3.3850958347320557
1552,3.3456974029541016
1553,3.3062992095947266
1554,3.267996311187744
1555,3.2286980152130127
1556,3.1892998218536377
1557,3.1509969234466553
1558,3.1115987300872803
1559,3.073295831680298
1560,3.033897638320923
1561,2.9945993423461914
1562,2.956296443939209
1563,2.916898250579834
1564,2.87749981880188
1565,2.8391971588134766
1566,2.799898862838745
1567,2.7615959644317627
1568,2.7221977710723877
1569,2.6827993392944336
1570,2.6444966793060303
1571,2.605198383331299
1572,2.5668954849243164
1573,2.5274972915649414
1574,2.4880988597869873
1575,2.449796199798584
1576,2.41039776802063
1577,2.3710994720458984
1578,2.332796812057495
1579,2.293398380279541
1580,2.2550957202911377
1581,2.2156972885131836
1582,2.176398992538452
1583,2.138096332550049
1584,2.0986979007720947
1585,2.0592997074127197
1586,2.0209968090057373
1587,1.9816986322402954
1588,1.9433958530426025
1589,1.903997540473938
1590,1.8645992279052734
1591,1.8262964487075806
1592,1.786898136138916
1593,1.7475998401641846
1594,1.7092970609664917
1595,1.6698987483978271
1596,1.6315959692001343
1597,1.5921976566314697
1598,1.5528993606567383
1599,1.5145965814590454
1600,1.4751982688903809
1601,1.4357999563217163
1602,1.3974971771240234
1603,1.358198881149292
1604,1.3198961019515991
1605,1.2804977893829346
1606,1.24109947681427
1607,1.2027966976165771
1608,1.1633983850479126
1609,1.1250956058502197
1610,1.0857973098754883
1611,1.0463989973068237
1612,1.0080962181091309
1613,0.9686979651451111
1614,0.9293996691703796
1615,0.891096830368042
1616,0.8516985774040222
1617,0.8133957386016846
1618,0.7739974856376648
1619,0.7346991896629333
1620,0.6963963508605957
1621,0.6569980978965759
1622,0.6175997853279114
1623,0.5792970061302185
1624,0.539898693561554
1625,0.5015959143638611
1626,0.46229761838912964
1627,0.4228993058204651
1628,0.3845965266227722
1629,0.34519821405410767
1630,0.3058999180793762
1631,0.26759713888168335
1632,0.22819884121418
1633,0.18989603221416473
1634,0.15049774944782257
1635,0.11119945347309113
1636,0.07289665192365646
1637,0.033498361706733704
1638,16.103195190429688
1639,16.063796997070312
1640,16.024398803710938
1641,15.986096382141113
1642,15.946798324584961
1643,15.90739917755127
1644,15.869096755981445
1645,15.82969856262207
1646,15.791396141052246
1647,15.752097129821777
1648,15.712698936462402
1649,15.674396514892578
1650,15.634998321533203
1651,15.595699310302734
1652,15.55739688873291
1653,15.517998695373535
1654,15.479696273803711
1655,15.44029712677002
1656,15.400898933410645
1657,15.36259651184082
1658,15.323298454284668
1659,15.283900260925293
1660,15.245596885681152
1661,15.206198692321777
1662,15.167896270751953
1663,15.128597259521484
1664,15.08919906616211
1665,15.050896644592285
1666,15.01149845123291
1667,14.97319507598877
1668,14.933897018432617
1669,14.894498825073242
1670,14.856196403503418
1671,14.816798210144043
1672,14.777400016784668
1673,14.739096641540527
1674,14.699798583984375
1675,14.661495208740234
1676,14.62209701538086
1677,14.582698822021484
1678,14.54439640045166
1679,14.505098342895508
1680,14.465700149536133
1681,14.427396774291992
1682,14.387998580932617
1683,14.349696159362793
1684,14.310397148132324
1685,14.27099895477295
1686,14.232696533203125
1687,14.19329833984375
1688,14.153900146484375
1689,14.115596771240234
1690,14.076298713684082
1691,14.037996292114258
1692,13.998598098754883
1693,13.959198951721191
1694,13.920896530151367
1695,13.881598472595215
1696,13.84220027923584
1697,13.8038969039917
1698,13.764498710632324
1699,13.7261962890625
1700,13.686898231506348
1701,13.647499084472656
1702,13.609196662902832
1703,13.569798469543457
1704,13.531496047973633
1705,13.492096900939941
1706,13.452798843383789
1707,13.414496421813965
1708,13.37509822845459
1709,13.335700035095215
1710,13.297396659851074
1711,13.258098602294922
1712,13.219796180725098
1713,13.180397033691406
1714,13.140998840332031
1715,13.102696418762207
1716,13.063298225402832
1717,13.02400016784668
1718,12.985696792602539
1719,12.946298599243164
1720,12.90799617767334
1721,12.868597984313965
1722,12.829298973083496
1723,12.790996551513672
1724,12.751598358154297
1725,12.712200164794922
1726,12.673896789550781
1727,12.634598731994629
1728,12.596296310424805
1729,12.55689811706543
1730,12.517498970031738
1731,12.479196548461914
1732,12.439798355102539
1733,12.401495933532715
1734,12.362196922302246
1735,12.322798728942871
1736,12.284496307373047
1737,12.245098114013672
1738,12.205799102783203
1739,12.167496681213379
1740,12.128098487854004
1741,12.08979606628418
1742,12.050396919250488
1743,12.011098861694336
1744,11.972796440124512
1745,11.933398246765137
1746,11.894000053405762
1747,11.855696678161621
1748,11.816298484802246
1749,11.777996063232422
1750,11.73869800567627
1751,11.699298858642578
1752,11.660996437072754
1753,11.621598243713379
1754,11.582300186157227
1755,11.543996810913086
1756,11.504598617553711
1757,11.466296195983887
1758,11.426898002624512
1759,11.387598991394043
1760,11.349296569824219
1761,11.309898376464844
1762,11.270500183105469
1763,11.232196807861328
1764,11.192798614501953
1765,11.154496192932129
1766,11.115198135375977
1767,11.075799942016602
1768,11.037496566772461
1769,10.998098373413086
1770,10.959795951843262
1771,10.920496940612793
1772,10.881098747253418
1773,10.842796325683594
1774,10.803398132324219
1775,10.764100074768066
1776,10.725796699523926
1777,10.68639850616455
1778,10.648096084594727
1779,10.608697891235352
1780,10.56929874420166
1781,10.530996322631836
1782,10.491698265075684
1783,10.452300071716309
1784,10.413996696472168
1785,10.374598503112793
1786,10.336296081542969
1787,10.296998023986816
1788,10.257598876953125
1789,10.2192964553833
1790,10.179898262023926
1791,10.140600204467773
1792,10.102296829223633
1793,10.062898635864258
1794,10.024596214294434
1795,9.985198020935059
1796,9.945799827575684
1797,9.907496452331543
1798,9.86819839477539
1799,9.829895973205566
1800,9.790496826171875
1801,9.7510986328125
1802,9.712796211242676
1803,9.673498153686523
1804,9.634099960327148
1805,9.595796585083008
1806,9.556398391723633
1807,9.518095970153809
1808,9.47879695892334
1809,9.439398765563965
1810,9.40109634399414
1811,9.361698150634766
1812,9.32229995727539
1813,9.28399658203125
1814,9.244698524475098
1815,9.206396102905273
1816,9.166997909545898
1817,9.127599716186523
1818,9.089296340942383
1819,9.04999828338623
1820,9.010600090026855
1821,8.972296714782715
1822,8.93289852142334
1823,8.894596099853516
1824,8.855298042297363
1825,8.815899848937988
1826,8.777596473693848
1827,8.738198280334473
1828,8.699895858764648
1829,8.660497665405273
1830,8.621198654174805
1831,8.58289623260498
1832,8.543498039245605
1833,8.50409984588623
1834,8.46579647064209
1835,8.426498413085938
1836,8.388195991516113
1837,8.348797798156738
1838,8.309398651123047
1839,8.271096229553223
1840,8.23179817199707
1841,8.192399978637695
1842,8.154096603393555
1843,8.11469841003418
1844,8.076395988464355
1845,8.03699779510498
1846,7.99769926071167
1847,7.9593963623046875
1848,7.9199981689453125
1849,7.8805999755859375
1850,7.842297077178955
1851,7.8029985427856445
1852,7.76469612121582
1853,7.725297451019287
1854,7.685899257659912
1855,7.64759635925293
1856,7.608298301696777
1857,7.568900108337402
1858,7.53059720993042
1859,7.491199016571045
1860,7.4528961181640625
1861,7.4134979248046875
1862,7.374199390411377
1863,7.3358964920043945
1864,7.2964982986450195
1865,7.258195400238037
1866,7.218797206878662
1867,7.17949914932251
1868,7.141196250915527
1869,7.101798057556152
1870,7.062399864196777
1871,7.024096965789795
1872,6.984798431396484
1873,6.946495532989502
1874,6.907097339630127
1875,6.867699146270752
1876,6.8293962478637695
1877,6.7899980545043945
1878,6.750699996948242
1879,6.71239709854126
1880,6.672998905181885
1881,6.634696006774902
1882,6.595297813415527
1883,6.555999279022217
1884,6.517696380615234
1885,6.478298187255859
1886,6.438899993896484
1887,6.400597095489502
1888,6.36129903793335
1889,6.322996139526367
1890,6.283597946166992
1891,6.244199275970459
1892,6.205896854400635
1893,6.166498184204102
1894,6.128195762634277
1895,6.088897228240967
1896,6.049499034881592
1897,6.011196136474609
1898,5.971797943115234
1899,5.932499408721924
1900,5.8941969871521
1901,5.854798316955566
1902,5.816495895385742
1903,5.777097225189209
1904,5.737799167633057
1905,5.699396133422852
1906,5.660098075866699
1907,5.620699882507324
1908,5.582396984100342
1909,5.542998790740967
1910,5.504695892333984
1911,5.465397357940674
1912,5.425999164581299
1913,5.387696266174316
1914,5.348298072814941
1915,5.309000015258789
1916,5.270697116851807
1917,5.231298923492432
1918,5.192996025085449
1919,5.153597831726074
1920,5.114299297332764
1921,5.075896739959717
1922,5.036598205566406
1923,4.998295307159424
1924,4.958897113800049
1925,4.919498920440674
1926,4.881196022033691
1927,4.841897964477539
1928,4.802499771118164
1929,4.764196872711182
1930,4.724798679351807
1931,4.686495780944824
1932,4.647197246551514
1933,4.607799053192139
1934,4.569496154785156
1935,4.530097961425781
1936,4.490799903869629
1937,4.452396869659424
1938,4.4130988121032715
1939,4.374795913696289
1940,4.335397720336914
1941,4.295999050140381
1942,4.257696628570557
1943,4.218398094177246
1944,4.178999900817871
1945,4.140697002410889
1946,4.101298809051514
1947,4.062995910644531
1948,4.023697853088379
1949,3.984299421310425
1950,3.9459965229034424
1951,3.9065983295440674
1952,3.867300033569336
1953,3.82889723777771
1954,3.7895989418029785
1955,3.751296043395996
1956,3.711897850036621
1957,3.672499418258667
1958,3.6341967582702637
1959,3.5948984622955322
1960,3.55659556388855
1961,3.517197370529175
1962,3.4777989387512207
1963,3.4394962787628174
1964,3.400197982788086
1965,3.360799551010132
1966,3.3224968910217285
1967,3.2830984592437744
1968,3.244795799255371
1969,3.205397367477417
1970,3.1660990715026855
1971,3.1277964115142822
1972,3.088397979736328
1973,3.048999786376953
1974,3.0106968879699707
1975,2.9713985919952393
1976,2.933095932006836
1977,2.893697500228882
1978,2.854299306869507
1979,2.8159964084625244
1980,2.776698112487793
1981,2.737299919128418
1982,2.6989970207214355
1983,2.6595988273620605
1984,2.621295928955078
1985,2.581897735595703
1986,2.5425994396209717
1987,2.5042965412139893
1988,2.4648983478546143
1989,2.426595449447632
1990,2.387197256088257
1991,2.3478989601135254
1992,2.309596061706543
1993,2.270197868347168
1994,2.230799674987793
1995,2.1924967765808105
1996,2.153198480606079
1997,2.1148955821990967
1998,2.0754973888397217
1999,2.0360991954803467
2000,1.9977962970733643
2001,1.9583979845046997
2002,1.9190996885299683
2003,1.8807969093322754
2004,1.8413985967636108
2005,1.803095817565918
2006,1.7636975049972534
2007,1.724399209022522
2008,1.686096429824829
2009,1.6466981172561646
2010,1.6072998046875
2011,1.5689970254898071
2012,1.5296987295150757
2013,1.4913959503173828
2014,1.4519976377487183
2015,1.4125993251800537
2016,1.3742965459823608
2017,1.3348982334136963
2018,1.2955999374389648
2019,1.257297158241272
2020,1.2178988456726074
2021,1.1795960664749146
2022,1.14019775390625
2023,1.1008994579315186
2024,1.0625966787338257
2025,1.0231983661651611
2026,0.984895646572113
2027,0.9454973340034485
2028,0.906199038028717
2029,0.8678962588310242
2030,0.8284979462623596
2031,0.7890996336936951
2032,0.7507968544960022
2033,0.7113985419273376
2034,0.6730957627296448
2035,0.6337974667549133
2036,0.5943991541862488
2037,0.5560963749885559
2038,0.5166980624198914
2039,0.4773997962474823
2040,0.43909698724746704
2041,0.3996987044811249
2042,0.3613958954811096
2043,0.32199761271476746
2044,0.282699316740036
2045,0.24439652264118195
2046,0.2049982249736786
2047,0.16559994220733643
2048,0.12729713320732117
2049,0.08789884299039841
2050,0.049596045166254044
2051,0.010297753848135471
2052,7.876899242401123
2053,7.838596820831299
2054,7.799198150634766
2055,7.760895729064941
2056,7.721597194671631
2057,7.682199001312256
2058,7.643896102905273
2059,7.604497909545898
2060,7.565199375152588
2061,7.526896953582764
2062,7.4874982833862305
2063,7.449195861816406
2064,7.409797191619873
2065,7.370398998260498
2066,7.332096099853516
2067,7.292798042297363
2068,7.253399848937988
2069,7.215096950531006
2070,7.175698757171631
2071,7.137395858764648
2072,7.098097324371338
2073,7.058699131011963
2074,7.0203962326049805
2075,6.9809980392456055
2076,6.941699981689453
2077,6.903397083282471
2078,6.863998889923096
2079,6.825695991516113
2080,6.786297798156738
2081,6.746899604797363
2082,6.708596706390381
2083,6.66929817199707
2084,6.630995750427246
2085,6.591597080230713
2086,6.552198886871338
2087,6.5138959884643555
2088,6.474597930908203
2089,6.435199737548828
2090,6.396896839141846
2091,6.357498645782471
2092,6.319195747375488
2093,6.279897212982178
2094,6.240499019622803
2095,6.20219612121582
2096,6.162797927856445
2097,6.12339973449707
2098,6.085096836090088
2099,6.0457987785339355
2100,6.007495880126953
2101,5.968097686767578
2102,5.928699016571045
2103,5.890396595001221
2104,5.85109806060791
2105,5.811699867248535
2106,5.773396968841553
2107,5.733998775482178
2108,5.695695877075195
2109,5.656397819519043
2110,5.61699914932251
2111,5.5786967277526855
2112,5.539298057556152
2113,5.499899864196777
2114,5.461596965789795
2115,5.422298908233643
2116,5.38399600982666
2117,5.344597816467285
2118,5.30519962310791
2119,5.266896724700928
2120,5.227598190307617
2121,5.189295768737793
2122,5.14989709854126
2123,5.110498905181885
2124,5.072196006774902
2125,5.03289794921875
2126,4.993499755859375
2127,4.955196857452393
2128,4.915798664093018
2129,4.877495765686035
2130,4.83809757232666
2131,4.79879903793335
2132,4.760496139526367
2133,4.721097946166992
2134,4.681699752807617
2135,4.643396854400635
2136,4.604098796844482
2137,4.5657958984375
2138,4.526397705078125
2139,4.48699951171875
2140,4.448696613311768
2141,4.409398078918457
2142,4.369999885559082
2143,4.3316969871521
2144,4.292298793792725
2145,4.253995895385742
2146,4.214597702026367
2147,4.175299644470215
2148,4.136996746063232
2149,4.097598552703857
2150,4.059295654296875
2151,4.0198974609375
2152,3.9805989265441895
2153,3.942296266555786
2154,3.902897834777832
2155,3.863499641418457
2156,3.8251967430114746
2157,3.785898447036743
2158,3.747495651245117
2159,3.7081973552703857
2160,3.6687991619110107
2161,3.6304962635040283
2162,3.5910980701446533
2163,3.551799774169922
2164,3.5134968757629395
2165,3.4740986824035645
2166,3.435795783996582
2167,3.396397590637207
2168,3.3570992946624756
2169,3.318796396255493
2170,3.279398202896118
2171,3.239999771118164
2172,3.2016971111297607
2173,3.1623988151550293
2174,3.1239960193634033
2175,3.084697723388672
2176,3.0452992916107178
2177,3.0069966316223145
2178,2.9675981998443604
2179,2.929295539855957
2180,2.8899972438812256
2181,2.8505988121032715
2182,2.812296152114868
2183,2.772897720336914
2184,2.7335994243621826
2185,2.6952967643737793
2186,2.655898332595825
2187,2.617595672607422
2188,2.5781972408294678
2189,2.5388989448547363
2190,2.5004961490631104
2191,2.461197853088379
2192,2.421799659729004
2193,2.3834967613220215
2194,2.3440985679626465
2195,2.305795669555664
2196,2.2664973735809326
2197,2.2270991802215576
2198,2.188796281814575
2199,2.1493980884552
2200,2.1100997924804688
2201,2.0717968940734863
2202,2.0323987007141113
2203,1.9940959215164185
2204,1.954697608947754
2205,1.9153993129730225
2206,1.8769965171813965
2207,1.837698221206665
2208,1.7982999086380005
2209,1.7599971294403076
2210,1.720598816871643
2211,1.6822960376739502
2212,1.6429977416992188
2213,1.6035994291305542
2214,1.5652966499328613
2215,1.5258983373641968
2216,1.487595558166504
2217,1.4482972621917725
2218,1.408898949623108
2219,1.370596170425415
2220,1.3311978578567505
2221,1.291899561882019
2222,1.253496766090393
2223,1.2141984701156616
2224,1.1758956909179688
2225,1.1364973783493042
2226,1.0970991849899292
2227,1.0587962865829468
2228,1.0194979906082153
2229,0.9800997376441956
2230,0.9417969584465027
2231,0.9023986458778381
2232,0.8640958666801453
2233,0.8247975707054138
2234,0.7853992581367493
2235,0.7470964789390564
2236,0.7076981663703918
2237,0.6683998703956604
2238,0.6299970746040344
2239,0.590698778629303
2240,0.5523959994316101
2241,0.5129976868629456
2242,0.4735994338989258
2243,0.4352966248989105
2244,0.3959983289241791
2245,0.3576955199241638
2246,0.31829723715782166
2247,0.2788989543914795
2248,0.24059614539146423
2249,0.2012978494167328
2250,0.16189956665039062
2251,0.12359676510095596
2252,0.0841984674334526
2253,0.04589567333459854
2254,0.006497379392385483
2255,9.605198860168457
2256,9.566896438598633
2257,9.527498245239258
2258,9.488100051879883
2259,9.449796676635742
2260,9.41049861907959
2261,9.372196197509766
2262,9.332797050476074
2263,9.2933988571167
2264,9.255096435546875
2265,9.215798377990723
2266,9.176400184631348
2267,9.138096809387207
2268,9.098698616027832
2269,9.060396194458008
2270,9.020998001098633
2271,8.981698989868164
2272,8.94339656829834
2273,8.903998374938965
2274,8.86460018157959
2275,8.82629680633545
2276,8.786998748779297
2277,8.748696327209473
2278,8.709298133850098
2279,8.669899940490723
2280,8.631596565246582
2281,8.59229850769043
2282,8.553996086120605
2283,8.514596939086914
2284,8.475198745727539
2285,8.436896324157715
2286,8.39749813079834
2287,8.358200073242188
2288,8.319896697998047
2289,8.280498504638672
2290,8.242196083068848
2291,8.202797889709473
2292,8.163498878479004
2293,8.12519645690918
2294,8.085798263549805
2295,8.04640007019043
2296,8.008096694946289
2297,7.968798637390137
2298,7.930495738983154
2299,7.891097545623779
2300,7.851699352264404
2301,7.813396453857422
2302,7.773998260498047
2303,7.734699726104736
2304,7.696397304534912
2305,7.656998634338379
2306,7.618696212768555
2307,7.5792975425720215
2308,7.539999485015869
2309,7.501696586608887
2310,7.462298393249512
2311,7.423995494842529
2312,7.384597301483154
2313,7.345298767089844
2314,7.3069963455200195
2315,7.267597675323486
2316,7.228199481964111
2317,7.189896583557129
2318,7.150498390197754
2319,7.1121954917907715
2320,7.072897434234619
2321,7.033499240875244
2322,6.995196342468262
2323,6.955798149108887
2324,6.916499614715576
2325,6.878196716308594
2326,6.838798522949219
2327,6.800495624542236
2328,6.761097431182861
2329,6.721799373626709
2330,6.683496475219727
2331,6.644098281860352
2332,6.604700088500977
2333,6.566397190093994
2334,6.526998996734619
2335,6.488696098327637
2336,6.449397563934326
2337,6.409999370574951
2338,6.371696472167969
2339,6.332298278808594
2340,6.293995380401611
2341,6.254697322845459
2342,6.215299129486084
2343,6.176996231079102
2344,6.137598037719727
2345,6.098299503326416
2346,6.059996604919434
2347,6.020598411560059
2348,5.982295513153076
2349,5.942897319793701
2350,5.903499126434326
2351,5.865196228027344
2352,5.825898170471191
2353,5.786499500274658
2354,5.748197078704834
2355,5.708798408508301
2356,5.670495986938477
2357,5.631197452545166
2358,5.591799259185791
2359,5.553496360778809
2360,5.514098167419434
2361,5.474799633026123
2362,5.436497211456299
2363,5.397098541259766
2364,5.358796119689941
2365,5.319397449493408
2366,5.279999256134033
2367,5.241696357727051
2368,5.202398300170898
2369,5.163000106811523
2370,5.124697208404541
2371,5.085299015045166
2372,5.046996116638184
2373,5.007697582244873
2374,4.968299388885498
2375,4.929996490478516
2376,4.890598297119141
2377,4.852295398712158
2378,4.812997341156006
2379,4.773599147796631
2380,4.735296249389648
2381,4.695898056030273
2382,4.656499862670898
2383,4.618196964263916
2384,4.5788984298706055
2385,4.540595531463623
2386,4.501197338104248
2387,4.461799144744873
2388,4.423496246337891
2389,4.384198188781738
2390,4.344799995422363
2391,4.306497097015381
2392,4.267098903656006
2393,4.228796005249023
2394,4.189497470855713
2395,4.150099277496338
2396,4.1117963790893555
2397,4.0723981857299805
2398,4.0329999923706055
2399,3.994697093963623
2400,3.9553987979888916
2401,3.9170961380004883
2402,3.877697706222534
2403,3.838299512863159
2404,3.7999966144561768
2405,3.7606983184814453
2406,3.722395658493042
2407,3.682997226715088
2408,3.643599033355713
2409,3.6052961349487305
2410,3.565997838973999
2411,3.526599645614624
2412,3.4882967472076416
2413,3.4488985538482666
2414,3.410595655441284
2415,3.371197462081909
2416,3.3318991661071777
2417,3.2935962677001953
2418,3.2541980743408203
2419,3.214799642562866
2420,3.176496982574463
2421,3.1371986865997314
2422,3.098895788192749
2423,3.059497594833374
2424,3.02009916305542
2425,2.9817965030670166
2426,2.942498207092285
2427,2.903099775314331
2428,2.8647971153259277
2429,2.8253986835479736
2430,2.7870960235595703
2431,2.747697591781616
2432,2.7083992958068848
2433,2.6700966358184814
2434,2.6306982040405273
2435,2.5913000106811523
2436,2.55299711227417
2437,2.5136988162994385
2438,2.475396156311035
2439,2.435997724533081
2440,2.396599531173706
2441,2.3582966327667236
2442,2.318998336791992
2443,2.280595541000366
2444,2.2412972450256348
2445,2.2018990516662598
2446,2.1635961532592773
2447,2.1241979598999023
2448,2.084899663925171
2449,2.0465967655181885
2450,2.0071985721588135
2451,1.9688957929611206
2452,1.929497480392456
2453,1.8901991844177246
2454,1.8518964052200317
2455,1.8124980926513672
2456,1.7730997800827026
2457,1.7347970008850098
2458,1.6954987049102783
2459,1.6570959091186523
2460,1.617797613143921
2461,1.5783993005752563
2462,1.5400965213775635
2463,1.500698208808899
2464,1.4613999128341675
2465,1.4230971336364746
2466,1.38369882106781
2467,1.3453960418701172
2468,1.3059977293014526
2469,1.2666994333267212
2470,1.2283966541290283
2471,1.1889983415603638
2472,1.150695562362671
2473,1.1112972497940063
2474,1.071998953819275
2475,1.033596158027649
2476,0.9942979216575623
2477,0.9548996090888977
2478,0.9165968298912048
2479,0.8771985173225403
2480,0.8388957381248474
2481,0.799597442150116
2482,0.7601991295814514
2483,0.7218963503837585
2484,0.682498037815094
2485,0.6431997418403625
2486,0.6048969626426697
2487,0.5654986500740051
2488,0.5271958708763123
2489,0.4877975583076477
2490,0.44849926233291626
2491,0.4100964665412903
2492,0.37079817056655884
2493,0.3313998878002167
2494,0.2930970788002014
2495,0.25369879603385925
2496,0.2153960019350052
2497,0.17609770596027374
2498,0.13669940829277039
2499,0.09839661419391632
2500,0.05899832397699356
2501,0.020695526152849197
2502,11.408397674560547
2503,11.368998527526855
2504,11.330696105957031
2505,11.291297912597656
2506,11.251999855041504
2507,11.21359634399414
2508,11.174298286437988
2509,11.135995864868164
2510,11.096597671508789
2511,11.057199478149414
2512,11.018896102905273
2513,10.979598045349121
2514,10.940199851989746
2515,10.901896476745605
2516,10.86249828338623
2517,10.824195861816406
2518,10.784897804260254
2519,10.745499610900879
2520,10.707196235656738
2521,10.667798042297363
2522,10.628399848937988
2523,10.590097427368164
2524,10.550798416137695
2525,10.512495994567871
2526,10.473097801208496
2527,10.433699607849121
2528,10.39539623260498
2529,10.356098175048828
2530,10.316699981689453
2531,10.278397560119629
2532,10.238998413085938
2533,10.200695991516113
2534,10.161397933959961
2535,10.121999740600586
2536,10.083696365356445
2537,10.04429817199707
2538,10.005995750427246
2539,9.966597557067871
2540,9.927299499511719
2541,9.888996124267578
2542,9.849597930908203
2543,9.810199737548828
2544,9.771897315979004
2545,9.732598304748535
2546,9.694295883178711
2547,9.654897689819336
2548,9.615499496459961
2549,9.57719612121582
2550,9.537898063659668
2551,9.498499870300293
2552,9.460197448730469
2553,9.420798301696777
2554,9.382495880126953
2555,9.343097686767578
2556,9.303799629211426
2557,9.265496253967285
2558,9.22609806060791
2559,9.186699867248535
2560,9.148397445678711
2561,9.109098434448242
2562,9.070796012878418
2563,9.031397819519043
2564,8.991999626159668
2565,8.953696250915527
2566,8.914398193359375
2567,8.87609577178955
2568,8.836697578430176
2569,8.7972993850708
2570,8.75899600982666
2571,8.719597816467285
2572,8.680299758911133
2573,8.641996383666992
2574,8.602598190307617
2575,8.564295768737793
2576,8.524897575378418
2577,8.485599517822266
2578,8.447296142578125
2579,8.40789794921875
2580,8.368499755859375
2581,8.33019733428955
2582,8.290898323059082
2583,8.252595901489258
2584,8.213197708129883
2585,8.173799514770508
2586,8.135496139526367
2587,8.096097946166992
2588,8.05679988861084
2589,8.018497467041016
2590,7.979098796844482
2591,7.9407958984375
2592,7.901397705078125
2593,7.8620991706848145
2594,7.82379674911499
2595,7.784398078918457
2596,7.746095657348633
2597,7.7066969871521
2598,7.667398929595947
2599,7.629096031188965
2600,7.58969783782959
2601,7.550299644470215
2602,7.511996746063232
2603,7.472598552703857
2604,7.434295654296875
2605,7.3949971199035645
2606,7.3555989265441895
2607,7.317296028137207
2608,7.277897834777832
2609,7.23859977722168
2610,7.200296878814697
2611,7.160898685455322
2612,7.12259578704834
2613,7.083197593688965
2614,7.043899059295654
2615,7.00559663772583
2616,6.966197967529297
2617,6.926799774169922
2618,6.8884968757629395
2619,6.8490986824035645
2620,6.810795783996582
2621,6.77149772644043
2622,6.732099533081055
2623,6.693796634674072
2624,6.654398441314697
2625,6.615099906921387
2626,6.576797008514404
2627,6.537398815155029
2628,6.499095916748047
2629,6.459697723388672
2630,6.4203996658325195
2631,6.382096767425537
2632,6.342698574066162
2633,6.30439567565918
2634,6.264997482299805
2635,6.2255988121032715
2636,6.187296390533447
2637,6.147997856140137
2638,6.108599662780762
2639,6.070296764373779
2640,6.030898571014404
2641,5.992595672607422
2642,5.9532976150512695
2643,5.913898944854736
2644,5.875596523284912
2645,5.836197853088379
2646,5.796899795532227
2647,5.758596897125244
2648,5.719198703765869
2649,5.680895805358887
2650,5.641497611999512
2651,5.602099418640137
2652,5.563796520233154
2653,5.524497985839844
2654,5.485099792480469
2655,5.446796894073486
2656,5.407398700714111
2657,5.369095802307129
2658,5.329797744750977
2659,5.290399551391602
2660,5.252096652984619
2661,5.212698459625244
2662,5.174395561218262
2663,5.135097026824951
2664,5.095698833465576
2665,5.057395935058594
2666,5.017997741699219
2667,4.978599548339844
2668,4.940296649932861
2669,4.900998592376709
2670,4.862695693969727
2671,4.823297500610352
2672,4.783899307250977
2673,4.745596408843994
2674,4.706297874450684
2675,4.666899681091309
2676,4.628596782684326
2677,4.589198589324951
2678,4.550895690917969
2679,4.511597633361816
2680,4.472199440002441
2681,4.433896541595459
2682,4.394498348236084
2683,4.355099678039551
2684,4.316797256469727
2685,4.277498722076416
2686,4.239195823669434
2687,4.199797630310059
2688,4.160399436950684
2689,4.122096538543701
2690,4.082798480987549
2691,4.043399810791016
2692,4.005097389221191
2693,3.9656989574432373
2694,3.927396059036255
2695,3.8880977630615234
2696,3.8486995697021484
2697,3.810396671295166
2698,3.770998477935791
2699,3.7326955795288086
2700,3.6932973861694336
2701,3.653999090194702
2702,3.6156961917877197
2703,3.5762979984283447
2704,3.5368995666503906
2705,3.4985969066619873
2706,3.459298610687256
2707,3.4209957122802734
2708,3.3815975189208984
2709,3.3421990871429443
2710,3.303896427154541
2711,3.2645981311798096
2712,3.2251996994018555
2713,3.186897039413452
2714,3.147498607635498
2715,3.1091959476470947
2716,3.0697975158691406
2717,3.030499219894409
2718,2.992196559906006
2719,2.9527981281280518
2720,2.9133999347686768
2721,2.8750970363616943
2722,2.835798740386963
2723,2.7974960803985596
2724,2.7580976486206055
2725,2.7186994552612305
2726,2.680396556854248
2727,2.640998363494873
2728,2.6026954650878906
2729,2.563397169113159
2730,2.523998975753784
2731,2.4856960773468018
2732,2.4462978839874268
2733,2.4069995880126953
2734,2.368696689605713
2735,2.329298496246338
2736,2.2909955978393555
2737,2.2515974044799805
2738,2.212299108505249
2739,2.1739964485168457
2740,2.1345980167388916
2741,2.0951998233795166
2742,2.056896924972534
2743,2.017498731613159
2744,1.9791958332061768
2745,1.9398975372314453
2746,1.9004992246627808
2747,1.862196445465088
2748,1.8227981328964233
2749,1.783499836921692
2750,1.745197057723999
2751,1.7057987451553345
2752,1.6674959659576416
2753,1.628097653388977
2754,1.5887993574142456
2755,1.5504965782165527
2756,1.5110982656478882
2757,1.4727954864501953
2758,1.4333971738815308
2759,1.3939989805221558
2760,1.3556960821151733
2761,1.316397786140442
2762,1.276999592781067
2763,1.2386966943740845
2764,1.1992985010147095
2765,1.160995602607727
2766,1.1216974258422852
2767,1.0822991132736206
2768,1.0439963340759277
2769,1.0045980215072632
2770,0.965299665927887
2771,0.9269968867301941
2772,0.8875985741615295
2773,0.8492957949638367
2774,0.8098974823951721
2775,0.7704992294311523
2776,0.7321963906288147
2777,0.6928980946540833
2778,0.6534998416900635
2779,0.6151970624923706
2780,0.575798749923706
2781,0.5374959707260132
2782,0.49819764494895935
2783,0.4587993621826172
2784,0.42049655318260193
2785,0.38109827041625977
2786,0.3417999744415283
2787,0.30349716544151306
2788,0.2640988826751709
2789,0.22579608857631683
2790,0.18639779090881348
2791,0.14699949324131012
2792,0.10869669914245605
2793,0.06939840316772461
2794,0.031095607206225395
2795,11.01669692993164
2796,10.977298736572266
2797,10.938996315002441
2798,10.899698257446289
2799,10.860300064086914
2800,10.821996688842773
2801,10.782598495483398
2802,10.744296073913574
2803,10.704997062683105
2804,10.66559886932373
2805,10.627296447753906
2806,10.587898254394531
2807,10.548500061035156
2808,10.510196685791016
2809,10.470898628234863
2810,10.432596206665039
2811,10.393198013305664
2812,10.353798866271973
2813,10.315496444702148
2814,10.276198387145996
2815,10.236800193786621
2816,10.19849681854248
2817,10.159098625183105
2818,10.120796203613281
2819,10.081498146057129
2820,10.042098999023438
2821,10.003796577453613
2822,9.964398384094238
2823,9.926095962524414
2824,9.886696815490723
2825,9.84739875793457
2826,9.809096336364746
2827,9.769698143005371
2828,9.730299949645996
2829,9.691996574401855
2830,9.652698516845703
2831,9.614396095275879
2832,9.574996948242188
2833,9.535598754882812
2834,9.497296333312988
2835,9.457998275756836
2836,9.418600082397461
2837,9.38029670715332
2838,9.340898513793945
2839,9.302596092224121
2840,9.263197898864746
2841,9.223898887634277
2842,9.185596466064453
2843,9.146198272705078
2844,9.106800079345703
2845,9.068496704101562
2846,9.02919864654541
2847,8.990896224975586
2848,8.951498031616211
2849,8.912099838256836
2850,8.873796463012695
2851,8.834498405456543
2852,8.795100212097168
2853,8.756796836853027
2854,8.717398643493652
2855,8.679096221923828
2856,8.639698028564453
2857,8.6003999710083
2858,8.56209659576416
2859,8.522698402404785
2860,8.484395980834961
2861,8.444997787475586
2862,8.405698776245117
2863,8.367396354675293
2864,8.327998161315918
2865,8.288599967956543
2866,8.250296592712402
2867,8.21099853515625
2868,8.172696113586426
2869,8.13329792022705
2870,8.09389877319336
2871,8.055596351623535
2872,8.01619815826416
2873,7.97689962387085
2874,7.938597202301025
2875,7.899198532104492
2876,7.860896110534668
2877,7.821497440338135
2878,7.782199382781982
2879,7.743896484375
2880,7.704498291015625
2881,7.66510009765625
2882,7.626797199249268
2883,7.587498664855957
2884,7.549196243286133
2885,7.5097975730896
2886,7.470399379730225
2887,7.432096481323242
2888,7.392698287963867
2889,7.354395389556885
2890,7.315097332000732
2891,7.275699138641357
2892,7.237396240234375
2893,7.197998046875
2894,7.1586995124816895
2895,7.120396614074707
2896,7.080998420715332
2897,7.04269552230835
2898,7.003297328948975
2899,6.963999271392822
2900,6.92569637298584
2901,6.886298179626465
2902,6.84689998626709
2903,6.808597087860107
2904,6.769198894500732
2905,6.73089599609375
2906,6.6915974617004395
2907,6.6521992683410645
2908,6.613896369934082
2909,6.574498176574707
2910,6.535200119018555
2911,6.496897220611572
2912,6.457499027252197
2913,6.419196128845215
2914,6.37979793548584
2915,6.340499401092529
2916,6.302096843719482
2917,6.262798309326172
2918,6.2244954109191895
2919,6.1850972175598145
2920,6.1456990242004395
2921,6.107396125793457
2922,6.068098068237305
2923,6.0286993980407715
2924,5.990396976470947
2925,5.950998306274414
2926,5.91269588470459
2927,5.873397350311279
2928,5.833999156951904
2929,5.795696258544922
2930,5.756298065185547
2931,5.716999530792236
2932,5.6785969734191895
2933,5.639298439025879
2934,5.600996017456055
2935,5.5615973472595215
2936,5.5221991539001465
2937,5.483896255493164
2938,5.444598197937012
2939,5.405200004577637
2940,5.366897106170654
2941,5.327498912811279
2942,5.289196014404297
2943,5.249897480010986
2944,5.210499286651611
2945,5.172196388244629
2946,5.132798194885254
2947,5.093500137329102
2948,5.0550971031188965
2949,5.015799045562744
2950,4.977496147155762
2951,4.938097953796387
2952,4.8986992835998535
2953,4.860396862030029
2954,4.821098327636719
2955,4.782795429229736
2956,4.743397235870361
2957,4.703999042510986
2958,4.665696144104004
2959,4.626398086547852
2960,4.586999416351318
2961,4.548696994781494
2962,4.509298324584961
2963,4.470995903015137
2964,4.4315972328186035
2965,4.392299175262451
2966,4.353996276855469
2967,4.314598083496094
2968,4.275199890136719
2969,4.236896991729736
2970,4.197598934173584
2971,4.159296035766602
2972,4.119897842407227
2973,4.080499172210693
2974,4.042196750640869
2975,4.002898216247559
2976,3.9635000228881836
2977,3.925197124481201
2978,3.885798931121826
2979,3.8474960327148438
2980,3.8080978393554688
2981,3.7687995433807373
2982,3.730496644973755
2983,3.69109845161438
2984,3.6527955532073975
2985,3.6133973598480225
2986,3.574099063873291
2987,3.5357961654663086
2988,3.4963979721069336
2989,3.4569995403289795
2990,3.418696880340576
2991,3.3793985843658447
2992,3.3410956859588623
2993,3.3016974925994873
2994,3.262299060821533
2995,3.22399640083313
2996,3.184597969055176
2997,3.1452996730804443
2998,3.106997013092041
2999,3.067598581314087
3000,3.0292959213256836
3001,2.9898974895477295
3002,2.950599193572998
3003,2.9122965335845947
3004,2.8728981018066406
3005,2.8334999084472656
3006,2.795197010040283
3007,2.7558987140655518
3008,2.7175960540771484
3009,2.6781976222991943
3010,2.6387994289398193
3011,2.600496530532837
3012,2.561098337173462
3013,2.5227954387664795
3014,2.483497142791748
3015,2.444098949432373
3016,2.4057960510253906
3017,2.3663978576660156
3018,2.327099561691284
3019,2.2887966632843018
3020,2.2493984699249268
3021,2.2110955715179443
3022,2.1716973781585693
3023,2.132399082183838
3024,2.0940961837768555
3025,2.0546979904174805
3026,2.0152997970581055
3027,1.976996898651123
3028,1.9375985860824585
3029,1.8992958068847656
3030,1.8599975109100342
3031,1.8205991983413696
3032,1.7822964191436768
3033,1.7428981065750122
3034,1.7035998106002808
3035,1.665297031402588
3036,1.6258987188339233
3037,1.5875959396362305
3038,1.548197627067566
3039,1.5088993310928345
3040,1.4705965518951416
3041,1.431198239326477
3042,1.3917999267578125
3043,1.3534971475601196
3044,1.314098834991455
3045,1.2757960557937622
3046,1.2364977598190308
3047,1.1970994472503662
3048,1.1587966680526733
3049,1.1193983554840088
3050,1.081095576286316
3051,1.0417972803115845
3052,1.00239896774292
3053,0.964096188545227
3054,0.9246979355812073
3055,0.8853996396064758
3056,0.847096860408783
3057,0.8076985478401184
3058,0.7693957686424255
3059,0.729997456073761
3060,0.6905991435050964
3061,0.6522963643074036
3062,0.6129980683326721
3063,0.5735997557640076
3064,0.5352969765663147
3065,0.49589869379997253
3066,0.4575958847999573
3067,0.41829758882522583
3068,0.37889930605888367
3069,0.3405964970588684
3070,0.30119821429252625
3071,0.2618999183177948
3072,0.22359710931777954
3073,0.18419882655143738
3074,0.14589601755142212
3075,0.10649772733449936
3076,0.0670994371175766
3077,0.028796637430787086
3078,8.818498611450195
3079,8.780195236206055
3080,8.74079704284668
3081,8.701398849487305
3082,8.66309642791748
3083,8.623797416687012
3084,8.584399223327637
3085,8.546096801757812
3086,8.506698608398438
3087,8.468395233154297
3088,8.429097175598145
3089,8.38969898223877
3090,8.351396560668945
3091,8.31199836730957
3092,8.272600173950195
3093,8.234296798706055
3094,8.194998741149902
3095,8.156695365905762
3096,8.117297172546387
3097,8.077898979187012
3098,8.039596557617188
3099,8.000298500061035
3100,7.960899829864502
3101,7.9225969314575195
3102,7.8831987380981445
3103,7.844895839691162
3104,7.80559778213501
3105,7.766199588775635
3106,7.727896690368652
3107,7.688498497009277
3108,7.649099826812744
3109,7.61079740524292
3110,7.571498870849609
3111,7.533195972442627
3112,7.493797779083252
3113,7.454399585723877
3114,7.4160966873168945
3115,7.376798629760742
3116,7.33849573135376
3117,7.299097537994385
3118,7.259698867797852
3119,7.221396446228027
3120,7.182097911834717
3121,7.142699718475342
3122,7.104396820068359
3123,7.064998626708984
3124,7.026695728302002
3125,6.987297534942627
3126,6.947999000549316
3127,6.909696578979492
3128,6.870297908782959
3129,6.830899715423584
3130,6.792596817016602
3131,6.753298759460449
3132,6.714995861053467
3133,6.675597667694092
3134,6.636199474334717
3135,6.597896575927734
3136,6.558598041534424
3137,6.519199848175049
3138,6.480896949768066
3139,6.441498756408691
3140,6.403195858001709
3141,6.363797664642334
3142,6.324499607086182
3143,6.286196708679199
3144,6.246798515319824
3145,6.208495616912842
3146,6.169097423553467
3147,6.129798889160156
3148,6.091495990753174
3149,6.052097797393799
3150,6.012699604034424
3151,5.974396705627441
3152,5.935098648071289
3153,5.896695613861084
3154,5.857397556304932
3155,5.817999362945557
3156,5.779696464538574
3157,5.740298271179199
3158,5.700999736785889
3159,5.662696838378906
3160,5.623298645019531
3161,5.584995746612549
3162,5.545597553253174
3163,5.5062994956970215
3164,5.467996597290039
3165,5.428598403930664
3166,5.389199733734131
3167,5.350897312164307
3168,5.311598777770996
3169,5.273196220397949
3170,5.233897686004639
3171,5.194499492645264
3172,5.156196594238281
3173,5.116798400878906
3174,5.078495502471924
3175,5.0391974449157715
3176,4.999798774719238
3177,4.961496353149414
3178,4.922097682952881
3179,4.8827996253967285
3180,4.844496726989746
3181,4.805098533630371
3182,4.766795635223389
3183,4.727397441864014
3184,4.688098907470703
3185,4.649696350097656
3186,4.610397815704346
3187,4.570999622344971
3188,4.532696723937988
3189,4.493298530578613
3190,4.454995632171631
3191,4.4156975746154785
3192,4.3762993812561035
3193,4.337996482849121
3194,4.298598289489746
3195,4.2592997550964355
3196,4.220996856689453
3197,4.181598663330078
3198,4.143295764923096
3199,4.103897571563721
3200,4.064599514007568
3201,4.026196479797363
3202,3.986898183822632
3203,3.947499990463257
3204,3.9091970920562744
3205,3.8697988986968994
3206,3.831496000289917
3207,3.7921977043151855
3208,3.7527995109558105
3209,3.714496612548828
3210,3.675098419189453
3211,3.6367955207824707
3212,3.5974972248077393
3213,3.5580990314483643
3214,3.519796133041382
3215,3.480397939682007
3216,3.4410996437072754
3217,3.4026968479156494
3218,3.363398551940918
3219,3.3250956535339355
3220,3.2856974601745605
3221,3.2462992668151855
3222,3.207996368408203
3223,3.1686980724334717
3224,3.1292998790740967
3225,3.0909969806671143
3226,3.0515987873077393
3227,3.013295888900757
3228,2.9739975929260254
3229,2.9345993995666504
3230,2.896296501159668
3231,2.856898307800293
3232,2.8176000118255615
3233,2.7791972160339355
3234,2.739898920059204
3235,2.7015960216522217
3236,2.6621978282928467
3237,2.6227993965148926
3238,2.5844967365264893
3239,2.545198440551758
3240,2.5068955421447754
3241,2.4674973487854004
3242,2.4280989170074463
3243,2.389796257019043
3244,2.3504979610443115
3245,2.3110995292663574
3246,2.272796869277954
3247,2.2333984375
3248,2.1950957775115967
3249,2.1556973457336426
3250,2.116399049758911
3251,2.078096389770508
3252,2.0386979579925537
3253,1.9992997646331787
3254,1.9609969854354858
3255,1.9216986894607544
3256,1.883395791053772
3257,1.843997597694397
3258,1.8045992851257324
3259,1.7662965059280396
3260,1.726998209953308
3261,1.6875998973846436
3262,1.6492971181869507
3263,1.6098988056182861
3264,1.5715960264205933
3265,1.5321977138519287
3266,1.4928994178771973
3267,1.4545966386795044
3268,1.4151983261108398
3269,1.376895546913147
3270,1.3374972343444824
3271,1.298198938369751
3272,1.259896159172058
3273,1.2204978466033936
3274,1.181099534034729
3275,1.1427967548370361
3276,1.1034984588623047
3277,1.0651956796646118
3278,1.0257973670959473
3279,0.9863990545272827
3280,0.9480962753295898
3281,0.9086979627609253
3282,0.8693996667861938
3283,0.831096887588501
3284,0.7916985750198364
3285,0.7533957958221436
3286,0.713997483253479
3287,0.6746991872787476
3288,0.6363964080810547
3289,0.5969980955123901
3290,0.5575998425483704
3291,0.5192970037460327
3292,0.47999873757362366
3293,0.4416959285736084
3294,0.40229764580726624
3295,0.3628993332386017
3296,0.3245965540409088
3297,0.28519824147224426
3298,0.245899960398674
3299,0.20759716629981995
3300,0.1681988686323166
3301,0.12989607453346252
3302,0.09049777686595917
3303,0.05119948461651802
3304,0.012896685861051083
3305,8.540498733520508
3306,8.502195358276367
3307,8.462797164916992
3308,8.42349910736084
3309,8.385196685791016
3310,8.345797538757324
3311,8.30639934539795
3312,8.268096923828125
3313,8.22869873046875
3314,8.19039535522461
3315,8.151097297668457
3316,8.111699104309082
3317,8.073396682739258
3318,8.033998489379883
3319,7.994699954986572
3320,7.95639705657959
3321,7.916998863220215
3322,7.878695964813232
3323,7.839297771453857
3324,7.799999237060547
3325,7.7616963386535645
3326,7.7222981452941895
3327,7.6828999519348145
3328,7.644597053527832
3329,7.605198860168457
3330,7.566895961761475
3331,7.527597904205322
3332,7.488199234008789
3333,7.449896812438965
3334,7.410498142242432
3335,7.372195720672607
3336,7.332897186279297
3337,7.293498992919922
3338,7.2551960945129395
3339,7.2157979011535645
3340,7.176499366760254
3341,7.13819694519043
3342,7.0987982749938965
3343,7.060495853424072
3344,7.021097183227539
3345,6.981698989868164
3346,6.943396091461182
3347,6.904098033905029
3348,6.864699840545654
3349,6.826396942138672
3350,6.786998748779297
3351,6.7486958503723145
3352,6.709397315979004
3353,6.669999122619629
3354,6.6316962242126465
3355,6.5922980308532715
3356,6.552999973297119
3357,6.514697074890137
3358,6.475298881530762
3359,6.436995983123779
3360,6.397597789764404
3361,6.358199596405029
3362,6.319896697998047
3363,6.280598163604736
3364,6.241199970245361
3365,6.202897071838379
3366,6.163498878479004
3367,6.1251959800720215
3368,6.085897922515869
3369,6.046499729156494
3370,6.008196830749512
3371,5.968798637390137
3372,5.930495738983154
3373,5.891197204589844
3374,5.851799011230469
3375,5.813496112823486
3376,5.774097919464111
3377,5.734699726104736
3378,5.696396827697754
3379,5.657098770141602
3380,5.618795871734619
3381,5.579397678375244
3382,5.539999008178711
3383,5.501696586608887
3384,5.462398052215576
3385,5.422999858856201
3386,5.384696960449219
3387,5.345298767089844
3388,5.306995868682861
3389,5.267697811126709
3390,5.228299140930176
3391,5.189996719360352
3392,5.150598049163818
3393,5.111199855804443
3394,5.072896957397461
3395,5.033598899841309
3396,4.995296001434326
3397,4.955897808074951
3398,4.916499614715576
3399,4.878196716308594
3400,4.838898181915283
3401,4.800595760345459
3402,4.761197090148926
3403,4.721798896789551
3404,4.683495998382568
3405,4.644197940826416
3406,4.604799747467041
3407,4.566496849060059
3408,4.527098655700684
3409,4.488795757293701
3410,4.449397563934326
3411,4.410099029541016
3412,4.371796131134033
3413,4.332397937774658
3414,4.292999744415283
3415,4.254696846008301
3416,4.215398788452148
3417,4.177095890045166
3418,4.137697696685791
3419,4.098299503326416
3420,4.059996604919434
3421,4.020698070526123
3422,3.981299877166748
3423,3.9429969787597656
3424,3.9035987854003906
3425,3.865295886993408
3426,3.825897693634033
3427,3.7865993976593018
3428,3.7482964992523193
3429,3.7088983058929443
3430,3.670595407485962
3431,3.631197214126587
3432,3.5918989181518555
3433,3.553596019744873
3434,3.514197826385498
3435,3.474799633026123
3436,3.4364967346191406
3437,3.397198438644409
3438,3.358795642852783
3439,3.3194973468780518
3440,3.2800991535186768
3441,3.2417962551116943
3442,3.2023980617523193
3443,3.163099765777588
3444,3.1247968673706055
3445,3.0853986740112305
3446,3.047095775604248
3447,3.007697582244873
3448,2.9683992862701416
3449,2.930096387863159
3450,2.890698194503784
3451,2.85129976272583
3452,2.8129971027374268
3453,2.7736988067626953
3454,2.7352960109710693
3455,2.695997714996338
3456,2.656599283218384
3457,2.6182966232299805
3458,2.5788981914520264
3459,2.539599895477295
3460,2.5012972354888916
3461,2.4618988037109375
3462,2.423596143722534
3463,2.38419771194458
3464,2.3448994159698486
3465,2.3065967559814453
3466,2.267198324203491
3467,2.228895664215088
3468,2.189497232437134
3469,2.1501989364624023
3470,2.1117961406707764
3471,2.072497844696045
3472,2.03309965133667
3473,1.994796872138977
3474,1.9553985595703125
3475,1.9170957803726196
3476,1.8777974843978882
3477,1.8383991718292236
3478,1.8000963926315308
3479,1.7606980800628662
3480,1.7213997840881348
3481,1.683097004890442
3482,1.6436986923217773
3483,1.6053959131240845
3484,1.56599760055542
3485,1.5266993045806885
3486,1.4882965087890625
3487,1.448998212814331
3488,1.4095999002456665
3489,1.3712971210479736
3490,1.331898808479309
3491,1.2935960292816162
3492,1.2542977333068848
3493,1.2148994207382202
3494,1.1765966415405273
3495,1.1371983289718628
3496,1.09889554977417
3497,1.0595972537994385
3498,1.020198941230774
3499,0.981896162033081
3500,0.9424978494644165
3501,0.9031996130943298
3502,0.8647967576980591
3503,0.8254985213279724
3504,0.7871956825256348
3505,0.747797429561615
3506,0.7083991169929504
3507,0.6700963377952576
3508,0.6307980418205261
3509,0.5913997292518616
3510,0.5530969500541687
3511,0.5136986374855042
3512,0.4753958284854889
3513,0.43609753251075745
3514,0.3966992497444153
3515,0.3583964407444
3516,0.31899815797805786
3517,0.2796998620033264
3518,0.24129706621170044
3519,0.201998770236969
3520,0.16369597613811493
3521,0.12429768592119217
3522,0.08489938825368881
3523,0.04659659415483475
3524,0.0072983005084097385
3525,14.719900131225586
3526,14.681596755981445
3527,14.64219856262207
3528,14.603896141052246
3529,14.564598083496094
3530,14.525199890136719
3531,14.486896514892578
3532,14.447498321533203
3533,14.409195899963379
3534,14.369797706604004
3535,14.330498695373535
3536,14.292196273803711
3537,14.252798080444336
3538,14.213399887084961
3539,14.17509651184082
3540,14.135798454284668
3541,14.097496032714844
3542,14.058097839355469
3543,14.018699645996094
3544,13.980396270751953
3545,13.9410982131958
3546,13.901700019836426
3547,13.863396644592285
3548,13.82399845123291
3549,13.785696029663086
3550,13.746297836303711
3551,13.706999778747559
3552,13.668696403503418
3553,13.629298210144043
3554,13.589900016784668
3555,13.551597595214844
3556,13.512298583984375
3557,13.47399616241455
3558,13.434597969055176
3559,13.3951997756958
3560,13.35689640045166
3561,13.317598342895508
3562,13.279295921325684
3563,13.239897727966309
3564,13.200498580932617
3565,13.162196159362793
3566,13.122797966003418
3567,13.083499908447266
3568,13.045196533203125
3569,13.00579833984375
3570,12.967495918273926
3571,12.92809772491455
3572,12.888798713684082
3573,12.850496292114258
3574,12.811098098754883
3575,12.771699905395508
3576,12.733396530151367
3577,12.694098472595215
3578,12.65579605102539
3579,12.616397857666016
3580,12.57699966430664
3581,12.5386962890625
3582,12.499298095703125
3583,12.460000038146973
3584,12.421696662902832
3585,12.382298469543457
3586,12.343996047973633
3587,12.304597854614258
3588,12.265299797058105
3589,12.226996421813965
3590,12.18759822845459
3591,12.149295806884766
3592,12.10989761352539
3593,12.070598602294922
3594,12.032296180725098
3595,11.992897987365723
3596,11.953499794006348
3597,11.915196418762207
3598,11.875798225402832
3599,11.837495803833008
3600,11.798197746276855
3601,11.75879955291748
3602,11.72049617767334
3603,11.681097984313965
3604,11.641799926757812
3605,11.603496551513672
3606,11.564098358154297
3607,11.525795936584473
3608,11.486397743225098
3609,11.447099685668945
3610,11.408796310424805
3611,11.36939811706543
3612,11.329999923706055
3613,11.29169750213623
3614,11.252298355102539
3615,11.213995933532715
3616,11.174697875976562
3617,11.135299682617188
3618,11.096996307373047
3619,11.057598114013672
3620,11.01830005645752
3621,10.979997634887695
3622,10.940598487854004
3623,10.90229606628418
3624,10.862897872924805
3625,10.823599815368652
3626,10.785296440124512
3627,10.745898246765137
3628,10.707595825195312
3629,10.668197631835938
3630,10.628799438476562
3631,10.590496063232422
3632,10.55119800567627
3633,10.511799812316895
3634,10.473496437072754
3635,10.434098243713379
3636,10.395795822143555
3637,10.356497764587402
3638,10.317099571228027
3639,10.278796195983887
3640,10.239398002624512
3641,10.20009994506836
3642,10.161796569824219
3643,10.122398376464844
3644,10.08409595489502
3645,10.044697761535645
3646,10.00529956817627
3647,9.966996192932129
3648,9.927698135375977
3649,9.888299942016602
3650,9.849997520446777
3651,9.810598373413086
3652,9.772295951843262
3653,9.73299789428711
3654,9.693599700927734
3655,9.655296325683594
3656,9.615898132324219
3657,9.577595710754395
3658,9.538297653198242
3659,9.498899459838867
3660,9.460596084594727
3661,9.421197891235352
3662,9.381799697875977
3663,9.343497276306152
3664,9.304198265075684
3665,9.26589584350586
3666,9.226497650146484
3667,9.18709945678711
3668,9.148796081542969
3669,9.109498023986816
3670,9.070099830627441
3671,9.031797409057617
3672,8.992398262023926
3673,8.954095840454102
3674,8.91479778289795
3675,8.875399589538574
3676,8.837096214294434
3677,8.797698020935059
3678,8.758299827575684
3679,8.71999740600586
3680,8.68069839477539
3681,8.642395973205566
3682,8.602997779846191
3683,8.563599586486816
3684,8.525296211242676
3685,8.485998153686523
3686,8.4476957321167
3687,8.408297538757324
3688,8.36889934539795
3689,8.330595970153809
3690,8.291297912597656
3691,8.251899719238281
3692,8.21359634399414
3693,8.174198150634766
3694,8.135895729064941
3695,8.096497535705566
3696,8.057199478149414
3697,8.018896102905273
3698,7.979497909545898
3699,7.940099716186523
3700,7.901796817779541
3701,7.862498760223389
3702,7.824195861816406
3703,7.784797668457031
3704,7.745398998260498
3705,7.707096576690674
3706,7.667798042297363
3707,7.628399848937988
3708,7.590096950531006
3709,7.550698757171631
3710,7.512395858764648
3711,7.472997665405273
3712,7.433699131011963
3713,7.395396709442139
3714,7.3559980392456055
3715,7.3165998458862305
3716,7.278296947479248
3717,7.238998889923096
3718,7.200695991516113
3719,7.161297798156738
3720,7.121899604797363
3721,7.083596706390381
3722,7.04429817199707
3723,7.005895614624023
3724,6.966597080230713
3725,6.927198886871338
3726,6.8888959884643555
3727,6.8494977951049805
3728,6.810199737548828
3729,6.771896839141846
3730,6.732498645782471
3731,6.694195747375488
3732,6.654797554016113
3733,6.615499019622803
3734,6.5771965980529785
3735,6.537797927856445
3736,6.49839973449707
3737,6.460096836090088
3738,6.420698642730713
3739,6.3823957443237305
3740,6.343097686767578
3741,6.303699493408203
3742,6.265396595001221
3743,6.225998401641846
3744,6.186699867248535
3745,6.148396968841553
3746,6.108998775482178
3747,6.070695877075195
3748,6.03129768371582
3749,5.991999626159668
3750,5.9536967277526855
3751,5.9142985343933105
3752,5.875995635986328
3753,5.836597442626953
3754,5.79719877243042
3755,5.758896350860596
3756,5.719597816467285
3757,5.68019962310791
3758,5.641896724700928
3759,5.602498531341553
3760,5.56419563293457
3761,5.524897575378418
3762,5.485498905181885
3763,5.4471964836120605
3764,5.407797813415527
3765,5.368499755859375
3766,5.330196857452393
3767,5.290798664093018
3768,5.252495765686035
3769,5.21309757232666
3770,5.173699378967285
3771,5.135396480560303
3772,5.096097946166992
3773,5.056699752807617
3774,5.018396854400635
3775,4.97899866104126
3776,4.940695762634277
3777,4.901397705078125
3778,4.86199951171875
3779,4.823696613311768
3780,4.784298419952393
3781,4.744999885559082
3782,4.7066969871521
3783,4.667298793792725
3784,4.628995895385742
3785,4.589597702026367
3786,4.550199508666992
3787,4.51189661026001
3788,4.472598552703857
3789,4.434295654296875
3790,4.3948974609375
3791,4.355499267578125
3792,4.317196369171143
3793,4.277897834777832
3794,4.238499641418457
3795,4.200196743011475
3796,4.1607985496521
3797,4.122495651245117
3798,4.083197593688965
3799,4.04379940032959
3800,4.005496501922607
3801,3.9660980701446533
3802,3.9266998767852783
3803,3.888396978378296
3804,3.8490986824035645
3805,3.810796022415161
3806,3.771397590637207
3807,3.731999397277832
3808,3.6936964988708496
3809,3.654398202896118
3810,3.615000009536743
3811,3.5766971111297607
3812,3.5372989177703857
3813,3.4989960193634033
3814,3.459697723388672
3815,3.420299530029297
3816,3.3819966316223145
3817,3.3425984382629395
3818,3.304295539855957
3819,3.264897346496582
3820,3.2255990505218506
3821,3.187296152114868
3822,3.147897958755493
3823,3.108499526977539
3824,3.0701968669891357
3825,3.0308985710144043
3826,2.992595672607422
3827,2.953197479248047
3828,2.9137990474700928
3829,2.8754963874816895
3830,2.836198091506958
3831,2.796799659729004
3832,2.7584969997406006
3833,2.7190985679626465
3834,2.680795907974243
3835,2.641397476196289
3836,2.6020991802215576
3837,2.5637965202331543
3838,2.5243980884552
3839,2.484999895095825
3840,2.4466969966888428
3841,2.4073987007141113
3842,2.369096040725708
3843,2.329697608947754
3844,2.290299415588379
3845,2.2519965171813965
3846,2.212698221206665
3847,2.1743955612182617
3848,2.1349971294403076
3849,2.0955989360809326
3850,2.05729603767395
3851,2.017897844314575
3852,1.9785995483398438
3853,1.9402967691421509
3854,1.9008984565734863
3855,1.8625956773757935
3856,1.823197364807129
3857,1.7838990688323975
3858,1.7455962896347046
3859,1.70619797706604
3860,1.6667996644973755
3861,1.6284968852996826
3862,1.5891985893249512
3863,1.5508958101272583
3864,1.5114974975585938
3865,1.4720991849899292
3866,1.4337964057922363
3867,1.3943980932235718
3868,1.3550997972488403
3869,1.3167970180511475
3870,1.277398705482483
3871,1.23909592628479
3872,1.1996976137161255
3873,1.160399317741394
3874,1.1220965385437012
3875,1.0826982259750366
3876,1.0433000326156616
3877,1.0049971342086792
3878,0.9656988978385925
3879,0.9273961186408997
3880,0.8879978060722351
3881,0.8485994935035706
3882,0.8102967143058777
3883,0.7708984017372131
3884,0.7325956225395203
3885,0.6932973265647888
3886,0.6538990139961243
3887,0.6155962347984314
3888,0.5761979222297668
3889,0.5368996262550354
3890,0.49859684705734253
3891,0.45919856429100037
3892,0.4208957552909851
3893,0.38149747252464294
3894,0.3421991765499115
3895,0.30389636754989624
3896,0.2644980847835541
3897,0.22509978711605072
3898,0.18679699301719666
3899,0.1473986953496933
3900,0.10909590125083923
3901,0.06979760527610779
3902,0.03039931133389473
3903,9.452096939086914
3904,9.412697792053223
3905,9.37339973449707
3906,9.335097312927246
3907,9.295699119567871
3908,9.25739574432373
3909,9.217997550964355
3910,9.178699493408203
3911,9.140397071838379
3912,9.100997924804688
3913,9.062695503234863
3914,9.023297309875488
3915,8.983899116516113
3916,8.945595741271973
3917,8.90629768371582
3918,8.866899490356445
3919,8.828597068786621
3920,8.789198875427246
3921,8.750895500183105
3922,8.711597442626953
3923,8.672199249267578
3924,8.633895874023438
3925,8.594497680664062
3926,8.55519962310791
3927,8.516797065734863
3928,8.477499008178711
3929,8.43919563293457
3930,8.399797439575195
3931,8.36039924621582
3932,8.322096824645996
3933,8.282797813415527
3934,8.243399620056152
3935,8.205097198486328
3936,8.165699005126953
3937,8.127395629882812
3938,8.08809757232666
3939,8.048699378967285
3940,8.010396957397461
3941,7.970998287200928
3942,7.931700229644775
3943,7.89329719543457
3944,7.853999137878418
3945,7.8156962394714355
3946,7.7762980461120605
3947,7.736899375915527
3948,7.698596954345703
3949,7.659298419952393
3950,7.62099552154541
3951,7.581597328186035
3952,7.54219913482666
3953,7.503896236419678
3954,7.464598178863525
3955,7.425199508666992
3956,7.386897087097168
3957,7.347498416900635
3958,7.3091959953308105
3959,7.269797325134277
3960,7.230499267578125
3961,7.192196369171143
3962,7.152798175811768
3963,7.113399982452393
3964,7.07509708404541
3965,7.0357985496521
3966,6.997496128082275
3967,6.958097457885742
3968,6.918699264526367
3969,6.880396366119385
3970,6.841098308563232
3971,6.801700115203857
3972,6.763397216796875
3973,6.7239990234375
3974,6.685696125030518
3975,6.646297931671143
3976,6.606999397277832
3977,6.56869649887085
3978,6.529298305511475
3979,6.490995407104492
3980,6.451597213745117
3981,6.412299156188965
3982,6.373996257781982
3983,6.334598064422607
3984,6.295199394226074
3985,6.25689697265625
3986,6.2175984382629395
3987,6.179295539855957
3988,6.139897346496582
3989,6.100499153137207
3990,6.062196254730225
3991,6.02279806137085
3992,5.983500003814697
3993,5.945197105407715
3994,5.90579891204834
3995,5.867496013641357
3996,5.828097820281982
3997,5.788799285888672
3998,5.7504963874816895
3999,5.7110981941223145
4000,5.6717000007629395
4001,5.633397102355957
4002,5.594099044799805
4003,5.555796146392822
4004,5.516397953033447
4005,5.476999282836914
4006,5.43869686126709
4007,5.399298191070557
4008,5.360995769500732
4009,5.321697235107422
4010,5.282299041748047
4011,5.2439961433410645
4012,5.2045979499816895
4013,5.165299415588379
4014,5.126996994018555
4015,5.0875983238220215
4016,5.049295902252197
4017,5.009897232055664
4018,4.970599174499512
4019,4.932296276092529
4020,4.892898082733154
4021,4.853499889373779
4022,4.815196990966797
4023,4.775798797607422
4024,4.7374958992004395
4025,4.698197364807129
4026,4.658799171447754
4027,4.6204962730407715
4028,4.5810980796813965
4029,4.541800022125244
4030,4.503497123718262
4031,4.464098930358887
4032,4.425796031951904
4033,4.386397838592529
4034,4.347099304199219
4035,4.308796405792236
4036,4.269398212432861
4037,4.230000019073486
4038,4.191697120666504
4039,4.152298927307129
4040,4.1139960289001465
4041,4.074697971343994
4042,4.035299301147461
4043,3.9969966411590576
4044,3.9575984477996826
4045,3.9192955493927
4046,3.8799972534179688
4047,3.8405990600585938
4048,3.8022961616516113
4049,3.7628979682922363
4050,3.723599672317505
4051,3.6852967739105225
4052,3.6458985805511475
4053,3.607595682144165
4054,3.56819748878479
4055,3.528799295425415
4056,3.4904963970184326
4057,3.451198101043701
4058,3.411799907684326
4059,3.3734970092773438
4060,3.3340988159179688
4061,3.2957959175109863
4062,3.256497621536255
4063,3.21709942817688
4064,3.1787965297698975
4065,3.1393983364105225
4066,3.100100040435791
4067,3.0617971420288086
4068,3.0223989486694336
4069,2.984096050262451
4070,2.944697856903076
4071,2.905299425125122
4072,2.8669967651367188
4073,2.8276984691619873
4074,2.789395570755005
4075,2.74999737739563
4076,2.710598945617676
4077,2.6722962856292725
4078,2.632997989654541
4079,2.593599557876587
4080,2.5552968978881836
4081,2.5158984661102295
4082,2.477595806121826
4083,2.4382975101470947
4084,2.3988990783691406
4085,2.3605964183807373
4086,2.321197986602783
4087,2.281799793243408
4088,2.243496894836426
4089,2.2041985988616943
4090,2.165895938873291
4091,2.126497507095337
4092,2.087099313735962
4093,2.0487964153289795
4094,2.009498119354248
4095,1.970099925994873
4096,1.9317971467971802
4097,1.8923988342285156
4098,1.8540960550308228
4099,1.8147977590560913
4100,1.7753994464874268
4101,1.7370966672897339
4102,1.6976983547210693
4103,1.6593955755233765
4104,1.619997262954712
4105,1.5806989669799805
4106,1.5423961877822876
4107,1.502997875213623
4108,1.4635995626449585
4109,1.4252967834472656
4110,1.3859984874725342
4111,1.3476957082748413
4112,1.3082973957061768
4113,1.2688990831375122
4114,1.2305963039398193
4115,1.191298007965088
4116,1.1518996953964233
4117,1.1135969161987305
4118,1.074198603630066
4119,1.035895824432373
4120,0.9964975118637085
4121,0.957199215888977
4122,0.9188964366912842
4123,0.8794981241226196
4124,0.8400998115539551
4125,0.8017970323562622
4126,0.7624987363815308
4127,0.7241959571838379
4128,0.6847976446151733
4129,0.6453993320465088
4130,0.6070965528488159
4131,0.5677982568740845
4132,0.5284000039100647
4133,0.49009716510772705
4134,0.4506988823413849
4135,0.41239607334136963
4136,0.37299779057502747
4137,0.333699494600296
4138,0.29539671540260315
4139,0.2559984028339386
4140,0.21769560873508453
4141,0.17829731106758118
4142,0.13899902999401093
4143,0.10069622844457626
4144,0.061297934502363205
4145,0.021899640560150146
4146,11.6025972366333
4147,11.563298225402832
4148,11.524895668029785
4149,11.485597610473633
4150,11.446199417114258
4151,11.407896041870117
4152,11.368497848510742
4153,11.32919979095459
4154,11.290897369384766
4155,11.251498222351074
4156,11.21319580078125
4157,11.173797607421875
4158,11.134499549865723
4159,11.096196174621582
4160,11.056797981262207
4161,11.017399787902832
4162,10.979097366333008
4163,10.939799308776855
4164,10.901395797729492
4165,10.86209774017334
4166,10.822699546813965
4167,10.78439712524414
4168,10.74499797821045
4169,10.706695556640625
4170,10.667397499084473
4171,10.627999305725098
4172,10.589695930480957
4173,10.550297737121582
4174,10.51099967956543
4175,10.472697257995605
4176,10.433298110961914
4177,10.39499568939209
4178,10.355597496032715
4179,10.316299438476562
4180,10.2778959274292
4181,10.238597869873047
4182,10.199199676513672
4183,10.160897254943848
4184,10.121499061584473
4185,10.083195686340332
4186,10.04389762878418
4187,10.004499435424805
4188,9.966196060180664
4189,9.926797866821289
4190,9.887499809265137
4191,9.849197387695312
4192,9.809799194335938
4193,9.771495819091797
